Impact ID,Date Created,User ID,First Name,Last Name,Email,Secondary Emails,External ID,Phone,Num People,Major,Major Code,2nd Major,2nd Major Code,Minor,Minor Code,Enrollment Date,Term Code,Current Year,Term Description,Graduation Date,Graduation Year,Graduation Term,Currently Enrolled,Role,Role Code,College,Requested Verifier,Economic Value,Group ID,Group,Event ID,Event Name,Shift ID,Shift/Milestone,Shift,Timesheet ID,Timesheet,Recurrence,Shared with,Points,Type,Start Date,End Date,Start Time,End Time,Review/Reflection,Mobile Checkin,Category,Subcategory,Hours Served,Dollar Amount,Donated Goods,Other Outcome,Rating,Is Private,Organizer,Organizer Email,Organizer Phone,Verified,Verified by,Disputed By,Verified Date,Dispute,Dispute Notes,Match ID,Sustainable Development Goals,Event Type,Kind,Tags,User Tags,Network Verified,Network Verified Date,Event Address,Event End Address,Event Causes,Group Causes,User Birthday,Gender,T-Shirt Size,City,State,Zip or Postal Code,Emergency Contact,Emergency Contact Relationship,Emergency Contact Phone #,Verifier,Attachments
9900001,01/10/2026,9100001,Maya ( Maya ),Chen,maya.chen@example.edu,,B9001001,,1,Public Policy,,,,,,0000-00-00,,Senior,,0000-00-00,,2026-05-10,1,Student,,,Riley Adams,86.975,208946,Demo Community Kitchen,,Meal Prep Shift,,,,,,,Demo Program,,Timespan,01/10/2026,01/10/2026,10:00AM,12:00PM,Worked with community members on the planned activity and checked in with the site coordinator afterward.,No,Time,,2.50,,,,5,Yes,Riley Adams,riley.adams@example.org,,Verified,Riley Adams,,01/12/2026,,,0,,,,"Demo Program,Class of 2026",,,,,,"Food Access,Civic Engagement","Food Access,Civic Engagement",2003-01-15,unspecified,,Demo City,TN,37000,,,,Riley Adams,
9900002,01/19/2026,9100001,Maya ( Maya ),Chen,maya.chen@example.edu,,B9001001,,1,Public Policy,,,,,,0000-00-00,,Senior,,0000-00-00,,2026-05-10,1,Student,,,Casey Lee,139.160,208961,Demo Tutoring Center,,After-School Tutoring,,,,,,,Demo Program,,Timespan,01/19/2026,01/19/2026,10:00AM,12:00PM,,No,Time,,4.00,,,,,Yes,Casey Lee,casey.lee@example.org,,Verified,Casey Lee,,01/21/2026,,,0,,,,"Demo Program,Class of 2026",,,,,,"Education,Youth","Education,Youth",2003-01-15,unspecified,,Demo City,TN,37000,,,,Casey Lee,
9900003,01/28/2026,9100001,Maya ( Maya ),Chen,maya.chen@example.edu,,B9001001,,1,Public Policy,,,,,,0000-00-00,,Senior,,0000-00-00,,2026-05-10,1,Student,,,Morgan Blake,139.160,436923,Demo Neighborhood Garden,,Garden Workday,,,,,,,Demo Program,,Timespan,01/28/2026,01/28/2026,10:00AM,12:00PM,Completed the shift and learned more about how the partner organizes recurring volunteer roles.,No,Time,,4.00,,,,5,Yes,Morgan Blake,morgan.blake@example.org,,Verified,Morgan Blake,,01/30/2026,,,0,,,,"Demo Program,Class of 2026",,,,,,"Environment,Community","Environment,Community",2003-01-15,unspecified,,Demo City,TN,37000,,,,Morgan Blake,
9900004,02/06/2026,9100001,Maya ( Maya ),Chen,maya.chen@example.edu,,B9001001,,1,Public Policy,,,,,,0000-00-00,,Senior,,0000-00-00,,2026-05-10,1,Student,,,Alex Harper,86.975,481971,Demo Senior Center,,Resident Activities,,,,,,,Demo Program,,Timespan,02/06/2026,02/06/2026,10:00AM,12:00PM,"Helped set up the service area, supported participants, and documented next steps for the team.",No,Time,,2.50,,,,,Yes,Alex Harper,alex.harper@example.org,,Verified,Alex Harper,,02/08/2026,,,0,,,,"Demo Program,Class of 2026",,,,,,"Aging,Community","Aging,Community",2003-01-15,unspecified,,Demo City,TN,37000,,,,Alex Harper,
9900005,02/15/2026,9100001,Maya ( Maya ),Chen,maya.chen@example.edu,,B9001001,,1,Public Policy,,,,,,0000-00-00,,Senior,,0000-00-00,,2026-05-10,1,Student,,,Riley Adams,139.160,208946,Demo Community Kitchen,,Meal Prep Shift,,,,,,,Demo Program,,Timespan,02/15/2026,02/15/2026,10:00AM,12:00PM,Worked with community members on the planned activity and checked in with the site coordinator afterward.,No,Time,,4.00,,,,5,Yes,Riley Adams,riley.adams@example.org,,Pending,,,,,,0,,,,"Demo Program,Class of 2026",,,,,,"Food Access,Civic Engagement","Food Access,Civic Engagement",2003-01-15,unspecified,,Demo City,TN,37000,,,,,
9900006,02/24/2026,9100001,Maya ( Maya ),Chen,maya.chen@example.edu,,B9001001,,1,Public Policy,,,,,,0000-00-00,,Senior,,0000-00-00,,2026-05-10,1,Student,,,Casey Lee,139.160,208961,Demo Tutoring Center,,After-School Tutoring,,,,,,,Demo Program,,Timespan,02/24/2026,02/24/2026,10:00AM,12:00PM,,No,Time,,4.00,,,,,Yes,Casey Lee,casey.lee@example.org,,Verified,Casey Lee,,02/26/2026,,,0,,,,"Demo Program,Class of 2026",,,,,,"Education,Youth","Education,Youth",2003-01-15,unspecified,,Demo City,TN,37000,,,,Casey Lee,
9900007,03/05/2026,9100001,Maya ( Maya ),Chen,maya.chen@example.edu,,B9001001,,1,Public Policy,,,,,,0000-00-00,,Senior,,0000-00-00,,2026-05-10,1,Student,,,Morgan Blake,86.975,436923,Demo Neighborhood Garden,,Garden Workday,,,,,,,Demo Program,,Timespan,03/05/2026,03/05/2026,10:00AM,12:00PM,Completed the shift and learned more about how the partner organizes recurring volunteer roles.,No,Time,,2.50,,,,5,Yes,Morgan Blake,morgan.blake@example.org,,Verified,Morgan Blake,,03/07/2026,,,0,,,,"Demo Program,Class of 2026",,,,,,"Environment,Community","Environment,Community",2003-01-15,unspecified,,Demo City,TN,37000,,,,Morgan Blake,
9900008,03/14/2026,9100001,Maya ( Maya ),Chen,maya.chen@example.edu,,B9001001,,1,Public Policy,,,,,,0000-00-00,,Senior,,0000-00-00,,2026-05-10,1,Student,,,Alex Harper,139.160,481971,Demo Senior Center,,Resident Activities,,,,,,,Demo Program,,Timespan,03/14/2026,03/14/2026,10:00AM,12:00PM,"Helped set up the service area, supported participants, and documented next steps for the team.",No,Time,,4.00,,,,,Yes,Alex Harper,alex.harper@example.org,,Verified,Alex Harper,,03/16/2026,,,0,,,,"Demo Program,Class of 2026",,,,,,"Aging,Community","Aging,Community",2003-01-15,unspecified,,Demo City,TN,37000,,,,Alex Harper,
9900009,03/23/2026,9100001,Maya ( Maya ),Chen,maya.chen@example.edu,,B9001001,,1,Public Policy,,,,,,0000-00-00,,Senior,,0000-00-00,,2026-05-10,1,Student,,,Riley Adams,139.160,208946,Demo Community Kitchen,,Meal Prep Shift,,,,,,,Demo Program,,Timespan,03/23/2026,03/23/2026,10:00AM,12:00PM,Worked with community members on the planned activity and checked in with the site coordinator afterward.,No,Time,,4.00,,,,5,Yes,Riley Adams,riley.adams@example.org,,Verified,Riley Adams,,03/25/2026,,,0,,,,"Demo Program,Class of 2026",,,,,,"Food Access,Civic Engagement","Food Access,Civic Engagement",2003-01-15,unspecified,,Demo City,TN,37000,,,,Riley Adams,
9900010,04/01/2026,9100001,Maya ( Maya ),Chen,maya.chen@example.edu,,B9001001,,1,Public Policy,,,,,,0000-00-00,,Senior,,0000-00-00,,2026-05-10,1,Student,,,Casey Lee,86.975,208961,Demo Tutoring Center,,After-School Tutoring,,,,,,,Demo Program,,Timespan,04/01/2026,04/01/2026,10:00AM,12:00PM,,No,Time,,2.50,,,,,Yes,Casey Lee,casey.lee@example.org,,Pending,,,,,,0,,,,"Demo Program,Class of 2026",,,,,,"Education,Youth","Education,Youth",2003-01-15,unspecified,,Demo City,TN,37000,,,,,
9900011,04/10/2026,9100001,Maya ( Maya ),Chen,maya.chen@example.edu,,B9001001,,1,Public Policy,,,,,,0000-00-00,,Senior,,0000-00-00,,2026-05-10,1,Student,,,Morgan Blake,139.160,436923,Demo Neighborhood Garden,,Garden Workday,,,,,,,Demo Program,,Timespan,04/10/2026,04/10/2026,10:00AM,12:00PM,Completed the shift and learned more about how the partner organizes recurring volunteer roles.,No,Time,,4.00,,,,5,Yes,Morgan Blake,morgan.blake@example.org,,Verified,Morgan Blake,,04/12/2026,,,0,,,,"Demo Program,Class of 2026",,,,,,"Environment,Community","Environment,Community",2003-01-15,unspecified,,Demo City,TN,37000,,,,Morgan Blake,
9900012,01/11/2026,9100001,Maya ( Maya ),Chen,maya.chen@example.edu,,B9001001,,1,Public Policy,,,,,,0000-00-00,,Senior,,0000-00-00,,2026-05-10,1,Student,,,Alex Harper,139.160,481971,Demo Senior Center,,Resident Activities,,,,,,,Demo Program,,Timespan,01/11/2026,01/11/2026,10:00AM,12:00PM,"Helped set up the service area, supported participants, and documented next steps for the team.",No,Time,,4.00,,,,,Yes,Alex Harper,alex.harper@example.org,,Verified,Alex Harper,,01/13/2026,,,0,,,,"Demo Program,Class of 2026",,,,,,"Aging,Community","Aging,Community",2003-01-15,unspecified,,Demo City,TN,37000,,,,Alex Harper,
9900013,01/20/2026,9100001,Maya ( Maya ),Chen,maya.chen@example.edu,,B9001001,,1,Public Policy,,,,,,0000-00-00,,Senior,,0000-00-00,,2026-05-10,1,Student,,,Riley Adams,86.975,208946,Demo Community Kitchen,,Meal Prep Shift,,,,,,,Demo Program,,Timespan,01/20/2026,01/20/2026,10:00AM,12:00PM,Worked with community members on the planned activity and checked in with the site coordinator afterward.,No,Time,,2.50,,,,5,Yes,Riley Adams,riley.adams@example.org,,Verified,Riley Adams,,01/22/2026,,,0,,,,"Demo Program,Class of 2026",,,,,,"Food Access,Civic Engagement","Food Access,Civic Engagement",2003-01-15,unspecified,,Demo City,TN,37000,,,,Riley Adams,
9900014,01/29/2026,9100001,Maya ( Maya ),Chen,maya.chen@example.edu,,B9001001,,1,Public Policy,,,,,,0000-00-00,,Senior,,0000-00-00,,2026-05-10,1,Student,,,Casey Lee,139.160,208961,Demo Tutoring Center,,After-School Tutoring,,,,,,,Demo Program,,Timespan,01/29/2026,01/29/2026,10:00AM,12:00PM,,No,Time,,4.00,,,,,Yes,Casey Lee,casey.lee@example.org,,Verified,Casey Lee,,01/31/2026,,,0,,,,"Demo Program,Class of 2026",,,,,,"Education,Youth","Education,Youth",2003-01-15,unspecified,,Demo City,TN,37000,,,,Casey Lee,
9900015,02/07/2026,9100001,Maya ( Maya ),Chen,maya.chen@example.edu,,B9001001,,1,Public Policy,,,,,,0000-00-00,,Senior,,0000-00-00,,2026-05-10,1,Student,,,Morgan Blake,139.160,436923,Demo Neighborhood Garden,,Garden Workday,,,,,,,Demo Program,,Timespan,02/07/2026,02/07/2026,10:00AM,12:00PM,Completed the shift and learned more about how the partner organizes recurring volunteer roles.,No,Time,,4.00,,,,5,Yes,Morgan Blake,morgan.blake@example.org,,Pending,,,,,,0,,,,"Demo Program,Class of 2026",,,,,,"Environment,Community","Environment,Community",2003-01-15,unspecified,,Demo City,TN,37000,,,,,
9900016,02/16/2026,9100001,Maya ( Maya ),Chen,maya.chen@example.edu,,B9001001,,1,Public Policy,,,,,,0000-00-00,,Senior,,0000-00-00,,2026-05-10,1,Student,,,Alex Harper,86.975,481971,Demo Senior Center,,Resident Activities,,,,,,,Demo Program,,Timespan,02/16/2026,02/16/2026,10:00AM,12:00PM,"Helped set up the service area, supported participants, and documented next steps for the team.",No,Time,,2.50,,,,,Yes,Alex Harper,alex.harper@example.org,,Verified,Alex Harper,,02/18/2026,,,0,,,,"Demo Program,Class of 2026",,,,,,"Aging,Community","Aging,Community",2003-01-15,unspecified,,Demo City,TN,37000,,,,Alex Harper,
9900017,02/25/2026,9100001,Maya ( Maya ),Chen,maya.chen@example.edu,,B9001001,,1,Public Policy,,,,,,0000-00-00,,Senior,,0000-00-00,,2026-05-10,1,Student,,,Riley Adams,139.160,208946,Demo Community Kitchen,,Meal Prep Shift,,,,,,,Demo Program,,Timespan,02/25/2026,02/25/2026,10:00AM,12:00PM,Worked with community members on the planned activity and checked in with the site coordinator afterward.,No,Time,,4.00,,,,5,Yes,Riley Adams,riley.adams@example.org,,Verified,Riley Adams,,02/27/2026,,,0,,,,"Demo Program,Class of 2026",,,,,,"Food Access,Civic Engagement","Food Access,Civic Engagement",2003-01-15,unspecified,,Demo City,TN,37000,,,,Riley Adams,
9900018,03/06/2026,9100001,Maya ( Maya ),Chen,maya.chen@example.edu,,B9001001,,1,Public Policy,,,,,,0000-00-00,,Senior,,0000-00-00,,2026-05-10,1,Student,,,Casey Lee,139.160,208961,Demo Tutoring Center,,After-School Tutoring,,,,,,,Demo Program,,Timespan,03/06/2026,03/06/2026,10:00AM,12:00PM,,No,Time,,4.00,,,,,Yes,Casey Lee,casey.lee@example.org,,Verified,Casey Lee,,03/08/2026,,,0,,,,"Demo Program,Class of 2026",,,,,,"Education,Youth","Education,Youth",2003-01-15,unspecified,,Demo City,TN,37000,,,,Casey Lee,
9900019,03/15/2026,9100001,Maya ( Maya ),Chen,maya.chen@example.edu,,B9001001,,1,Public Policy,,,,,,0000-00-00,,Senior,,0000-00-00,,2026-05-10,1,Student,,,Morgan Blake,86.975,436923,Demo Neighborhood Garden,,Garden Workday,,,,,,,Demo Program,,Timespan,03/15/2026,03/15/2026,10:00AM,12:00PM,Completed the shift and learned more about how the partner organizes recurring volunteer roles.,No,Time,,2.50,,,,5,Yes,Morgan Blake,morgan.blake@example.org,,Verified,Morgan Blake,,03/17/2026,,,0,,,,"Demo Program,Class of 2026",,,,,,"Environment,Community","Environment,Community",2003-01-15,unspecified,,Demo City,TN,37000,,,,Morgan Blake,
9900020,03/24/2026,9100001,Maya ( Maya ),Chen,maya.chen@example.edu,,B9001001,,1,Public Policy,,,,,,0000-00-00,,Senior,,0000-00-00,,2026-05-10,1,Student,,,Alex Harper,139.160,481971,Demo Senior Center,,Resident Activities,,,,,,,Demo Program,,Timespan,03/24/2026,03/24/2026,10:00AM,12:00PM,"Helped set up the service area, supported participants, and documented next steps for the team.",No,Time,,4.00,,,,,Yes,Alex Harper,alex.harper@example.org,,Pending,,,,,,0,,,,"Demo Program,Class of 2026",,,,,,"Aging,Community","Aging,Community",2003-01-15,unspecified,,Demo City,TN,37000,,,,,
9900021,04/02/2026,9100001,Maya ( Maya ),Chen,maya.chen@example.edu,,B9001001,,1,Public Policy,,,,,,0000-00-00,,Senior,,0000-00-00,,2026-05-10,1,Student,,,Riley Adams,139.160,208946,Demo Community Kitchen,,Meal Prep Shift,,,,,,,Demo Program,,Timespan,04/02/2026,04/02/2026,10:00AM,12:00PM,Worked with community members on the planned activity and checked in with the site coordinator afterward.,No,Time,,4.00,,,,5,Yes,Riley Adams,riley.adams@example.org,,Verified,Riley Adams,,04/04/2026,,,0,,,,"Demo Program,Class of 2026",,,,,,"Food Access,Civic Engagement","Food Access,Civic Engagement",2003-01-15,unspecified,,Demo City,TN,37000,,,,Riley Adams,
9900022,04/11/2026,9100001,Maya ( Maya ),Chen,maya.chen@example.edu,,B9001001,,1,Public Policy,,,,,,0000-00-00,,Senior,,0000-00-00,,2026-05-10,1,Student,,,Casey Lee,86.975,208961,Demo Tutoring Center,,After-School Tutoring,,,,,,,Demo Program,,Timespan,04/11/2026,04/11/2026,10:00AM,12:00PM,,No,Time,,2.50,,,,,Yes,Casey Lee,casey.lee@example.org,,Verified,Casey Lee,,04/13/2026,,,0,,,,"Demo Program,Class of 2026",,,,,,"Education,Youth","Education,Youth",2003-01-15,unspecified,,Demo City,TN,37000,,,,Casey Lee,
9900023,01/12/2026,9100001,Maya ( Maya ),Chen,maya.chen@example.edu,,B9001001,,1,Public Policy,,,,,,0000-00-00,,Senior,,0000-00-00,,2026-05-10,1,Student,,,Morgan Blake,139.160,436923,Demo Neighborhood Garden,,Garden Workday,,,,,,,Demo Program,,Timespan,01/12/2026,01/12/2026,10:00AM,12:00PM,Completed the shift and learned more about how the partner organizes recurring volunteer roles.,No,Time,,4.00,,,,5,Yes,Morgan Blake,morgan.blake@example.org,,Verified,Morgan Blake,,01/14/2026,,,0,,,,"Demo Program,Class of 2026",,,,,,"Environment,Community","Environment,Community",2003-01-15,unspecified,,Demo City,TN,37000,,,,Morgan Blake,
9900024,01/21/2026,9100001,Maya ( Maya ),Chen,maya.chen@example.edu,,B9001001,,1,Public Policy,,,,,,0000-00-00,,Senior,,0000-00-00,,2026-05-10,1,Student,,,Alex Harper,139.160,481971,Demo Senior Center,,Resident Activities,,,,,,,Demo Program,,Timespan,01/21/2026,01/21/2026,10:00AM,12:00PM,"Helped set up the service area, supported participants, and documented next steps for the team.",No,Time,,4.00,,,,,Yes,Alex Harper,alex.harper@example.org,,Verified,Alex Harper,,01/23/2026,,,0,,,,"Demo Program,Class of 2026",,,,,,"Aging,Community","Aging,Community",2003-01-15,unspecified,,Demo City,TN,37000,,,,Alex Harper,
9900025,01/30/2026,9100001,Maya ( Maya ),Chen,maya.chen@example.edu,,B9001001,,1,Public Policy,,,,,,0000-00-00,,Senior,,0000-00-00,,2026-05-10,1,Student,,,Riley Adams,86.975,208946,Demo Community Kitchen,,Meal Prep Shift,,,,,,,Demo Program,,Timespan,01/30/2026,01/30/2026,10:00AM,12:00PM,Worked with community members on the planned activity and checked in with the site coordinator afterward.,No,Time,,2.50,,,,5,Yes,Riley Adams,riley.adams@example.org,,Pending,,,,,,0,,,,"Demo Program,Class of 2026",,,,,,"Food Access,Civic Engagement","Food Access,Civic Engagement",2003-01-15,unspecified,,Demo City,TN,37000,,,,,
9900026,02/08/2026,9100001,Maya ( Maya ),Chen,maya.chen@example.edu,,B9001001,,1,Public Policy,,,,,,0000-00-00,,Senior,,0000-00-00,,2026-05-10,1,Student,,,Casey Lee,139.160,208961,Demo Tutoring Center,,After-School Tutoring,,,,,,,Demo Program,,Timespan,02/08/2026,02/08/2026,10:00AM,12:00PM,,No,Time,,4.00,,,,,Yes,Casey Lee,casey.lee@example.org,,Verified,Casey Lee,,02/10/2026,,,0,,,,"Demo Program,Class of 2026",,,,,,"Education,Youth","Education,Youth",2003-01-15,unspecified,,Demo City,TN,37000,,,,Casey Lee,
9900027,02/17/2026,9100001,Maya ( Maya ),Chen,maya.chen@example.edu,,B9001001,,1,Public Policy,,,,,,0000-00-00,,Senior,,0000-00-00,,2026-05-10,1,Student,,,Morgan Blake,139.160,436923,Demo Neighborhood Garden,,Garden Workday,,,,,,,Demo Program,,Timespan,02/17/2026,02/17/2026,10:00AM,12:00PM,Completed the shift and learned more about how the partner organizes recurring volunteer roles.,No,Time,,4.00,,,,5,Yes,Morgan Blake,morgan.blake@example.org,,Verified,Morgan Blake,,02/19/2026,,,0,,,,"Demo Program,Class of 2026",,,,,,"Environment,Community","Environment,Community",2003-01-15,unspecified,,Demo City,TN,37000,,,,Morgan Blake,
9900028,02/26/2026,9100001,Maya ( Maya ),Chen,maya.chen@example.edu,,B9001001,,1,Public Policy,,,,,,0000-00-00,,Senior,,0000-00-00,,2026-05-10,1,Student,,,Alex Harper,86.975,481971,Demo Senior Center,,Resident Activities,,,,,,,Demo Program,,Timespan,02/26/2026,02/26/2026,10:00AM,12:00PM,"Helped set up the service area, supported participants, and documented next steps for the team.",No,Time,,2.50,,,,,Yes,Alex Harper,alex.harper@example.org,,Verified,Alex Harper,,02/28/2026,,,0,,,,"Demo Program,Class of 2026",,,,,,"Aging,Community","Aging,Community",2003-01-15,unspecified,,Demo City,TN,37000,,,,Alex Harper,
9900029,03/07/2026,9100001,Maya ( Maya ),Chen,maya.chen@example.edu,,B9001001,,1,Public Policy,,,,,,0000-00-00,,Senior,,0000-00-00,,2026-05-10,1,Student,,,Riley Adams,139.160,208946,Demo Community Kitchen,,Meal Prep Shift,,,,,,,Demo Program,,Timespan,03/07/2026,03/07/2026,10:00AM,12:00PM,Worked with community members on the planned activity and checked in with the site coordinator afterward.,No,Time,,4.00,,,,5,Yes,Riley Adams,riley.adams@example.org,,Verified,Riley Adams,,03/09/2026,,,0,,,,"Demo Program,Class of 2026",,,,,,"Food Access,Civic Engagement","Food Access,Civic Engagement",2003-01-15,unspecified,,Demo City,TN,37000,,,,Riley Adams,
9900030,03/16/2026,9100001,Maya ( Maya ),Chen,maya.chen@example.edu,,B9001001,,1,Public Policy,,,,,,0000-00-00,,Senior,,0000-00-00,,2026-05-10,1,Student,,,Casey Lee,139.160,208961,Demo Tutoring Center,,After-School Tutoring,,,,,,,Demo Program,,Timespan,03/16/2026,03/16/2026,10:00AM,12:00PM,,No,Time,,4.00,,,,,Yes,Casey Lee,casey.lee@example.org,,Pending,,,,,,0,,,,"Demo Program,Class of 2026",,,,,,"Education,Youth","Education,Youth",2003-01-15,unspecified,,Demo City,TN,37000,,,,,
9900031,03/25/2026,9100001,Maya ( Maya ),Chen,maya.chen@example.edu,,B9001001,,1,Public Policy,,,,,,0000-00-00,,Senior,,0000-00-00,,2026-05-10,1,Student,,,Morgan Blake,86.975,436923,Demo Neighborhood Garden,,Garden Workday,,,,,,,Demo Program,,Timespan,03/25/2026,03/25/2026,10:00AM,12:00PM,Completed the shift and learned more about how the partner organizes recurring volunteer roles.,No,Time,,2.50,,,,5,Yes,Morgan Blake,morgan.blake@example.org,,Verified,Morgan Blake,,03/27/2026,,,0,,,,"Demo Program,Class of 2026",,,,,,"Environment,Community","Environment,Community",2003-01-15,unspecified,,Demo City,TN,37000,,,,Morgan Blake,
9900032,04/03/2026,9100001,Maya ( Maya ),Chen,maya.chen@example.edu,,B9001001,,1,Public Policy,,,,,,0000-00-00,,Senior,,0000-00-00,,2026-05-10,1,Student,,,Alex Harper,139.160,481971,Demo Senior Center,,Resident Activities,,,,,,,Demo Program,,Timespan,04/03/2026,04/03/2026,10:00AM,12:00PM,"Helped set up the service area, supported participants, and documented next steps for the team.",No,Time,,4.00,,,,,Yes,Alex Harper,alex.harper@example.org,,Verified,Alex Harper,,04/05/2026,,,0,,,,"Demo Program,Class of 2026",,,,,,"Aging,Community","Aging,Community",2003-01-15,unspecified,,Demo City,TN,37000,,,,Alex Harper,
9900033,04/12/2026,9100001,Maya ( Maya ),Chen,maya.chen@example.edu,,B9001001,,1,Public Policy,,,,,,0000-00-00,,Senior,,0000-00-00,,2026-05-10,1,Student,,,Riley Adams,139.160,208946,Demo Community Kitchen,,Meal Prep Shift,,,,,,,Demo Program,,Timespan,04/12/2026,04/12/2026,10:00AM,12:00PM,Worked with community members on the planned activity and checked in with the site coordinator afterward.,No,Time,,4.00,,,,5,Yes,Riley Adams,riley.adams@example.org,,Verified,Riley Adams,,04/14/2026,,,0,,,,"Demo Program,Class of 2026",,,,,,"Food Access,Civic Engagement","Food Access,Civic Engagement",2003-01-15,unspecified,,Demo City,TN,37000,,,,Riley Adams,
9900034,01/13/2026,9100001,Maya ( Maya ),Chen,maya.chen@example.edu,,B9001001,,1,Public Policy,,,,,,0000-00-00,,Senior,,0000-00-00,,2026-05-10,1,Student,,,Casey Lee,86.975,208961,Demo Tutoring Center,,After-School Tutoring,,,,,,,Demo Program,,Timespan,01/13/2026,01/13/2026,10:00AM,12:00PM,,No,Time,,2.50,,,,,Yes,Casey Lee,casey.lee@example.org,,Verified,Casey Lee,,01/15/2026,,,0,,,,"Demo Program,Class of 2026",,,,,,"Education,Youth","Education,Youth",2003-01-15,unspecified,,Demo City,TN,37000,,,,Casey Lee,
9900035,01/13/2026,9100002,Jordan ( Jordan ),Rivera,jordan.rivera@example.edu,,B9001002,,1,Biology,,,,,,0000-00-00,,Senior,,0000-00-00,,2026-05-10,1,Student,,,Casey Lee,86.975,208961,Demo Tutoring Center,,After-School Tutoring,,,,,,,Demo Program,,Timespan,01/13/2026,01/13/2026,10:00AM,12:00PM,,No,Time,,2.50,,,,5,Yes,Casey Lee,casey.lee@example.org,,Verified,Casey Lee,,01/15/2026,,,0,,,,"Demo Program,Class of 2026",,,,,,"Education,Youth","Education,Youth",2004-02-15,unspecified,,Demo City,TN,37000,,,,Casey Lee,
9900036,01/22/2026,9100002,Jordan ( Jordan ),Rivera,jordan.rivera@example.edu,,B9001002,,1,Biology,,,,,,0000-00-00,,Senior,,0000-00-00,,2026-05-10,1,Student,,,Morgan Blake,139.160,436923,Demo Neighborhood Garden,,Garden Workday,,,,,,,Demo Program,,Timespan,01/22/2026,01/22/2026,10:00AM,12:00PM,Completed the shift and learned more about how the partner organizes recurring volunteer roles.,No,Time,,4.00,,,,,Yes,Morgan Blake,morgan.blake@example.org,,Verified,Morgan Blake,,01/24/2026,,,0,,,,"Demo Program,Class of 2026",,,,,,"Environment,Community","Environment,Community",2004-02-15,unspecified,,Demo City,TN,37000,,,,Morgan Blake,
9900037,01/31/2026,9100002,Jordan ( Jordan ),Rivera,jordan.rivera@example.edu,,B9001002,,1,Biology,,,,,,0000-00-00,,Senior,,0000-00-00,,2026-05-10,1,Student,,,Alex Harper,139.160,481971,Demo Senior Center,,Resident Activities,,,,,,,Demo Program,,Timespan,01/31/2026,01/31/2026,10:00AM,12:00PM,"Helped set up the service area, supported participants, and documented next steps for the team.",No,Time,,4.00,,,,5,Yes,Alex Harper,alex.harper@example.org,,Verified,Alex Harper,,02/02/2026,,,0,,,,"Demo Program,Class of 2026",,,,,,"Aging,Community","Aging,Community",2004-02-15,unspecified,,Demo City,TN,37000,,,,Alex Harper,
9900038,02/09/2026,9100002,Jordan ( Jordan ),Rivera,jordan.rivera@example.edu,,B9001002,,1,Biology,,,,,,0000-00-00,,Senior,,0000-00-00,,2026-05-10,1,Student,,,Riley Adams,86.975,208946,Demo Community Kitchen,,Meal Prep Shift,,,,,,,Demo Program,,Timespan,02/09/2026,02/09/2026,10:00AM,12:00PM,Worked with community members on the planned activity and checked in with the site coordinator afterward.,No,Time,,2.50,,,,,Yes,Riley Adams,riley.adams@example.org,,Verified,Riley Adams,,02/11/2026,,,0,,,,"Demo Program,Class of 2026",,,,,,"Food Access,Civic Engagement","Food Access,Civic Engagement",2004-02-15,unspecified,,Demo City,TN,37000,,,,Riley Adams,
9900039,02/18/2026,9100002,Jordan ( Jordan ),Rivera,jordan.rivera@example.edu,,B9001002,,1,Biology,,,,,,0000-00-00,,Senior,,0000-00-00,,2026-05-10,1,Student,,,Casey Lee,139.160,208961,Demo Tutoring Center,,After-School Tutoring,,,,,,,Demo Program,,Timespan,02/18/2026,02/18/2026,10:00AM,12:00PM,,No,Time,,4.00,,,,5,Yes,Casey Lee,casey.lee@example.org,,Pending,,,,,,0,,,,"Demo Program,Class of 2026",,,,,,"Education,Youth","Education,Youth",2004-02-15,unspecified,,Demo City,TN,37000,,,,,
9900040,02/27/2026,9100002,Jordan ( Jordan ),Rivera,jordan.rivera@example.edu,,B9001002,,1,Biology,,,,,,0000-00-00,,Senior,,0000-00-00,,2026-05-10,1,Student,,,Morgan Blake,139.160,436923,Demo Neighborhood Garden,,Garden Workday,,,,,,,Demo Program,,Timespan,02/27/2026,02/27/2026,10:00AM,12:00PM,Completed the shift and learned more about how the partner organizes recurring volunteer roles.,No,Time,,4.00,,,,,Yes,Morgan Blake,morgan.blake@example.org,,Verified,Morgan Blake,,03/01/2026,,,0,,,,"Demo Program,Class of 2026",,,,,,"Environment,Community","Environment,Community",2004-02-15,unspecified,,Demo City,TN,37000,,,,Morgan Blake,
9900041,03/08/2026,9100002,Jordan ( Jordan ),Rivera,jordan.rivera@example.edu,,B9001002,,1,Biology,,,,,,0000-00-00,,Senior,,0000-00-00,,2026-05-10,1,Student,,,Alex Harper,86.975,481971,Demo Senior Center,,Resident Activities,,,,,,,Demo Program,,Timespan,03/08/2026,03/08/2026,10:00AM,12:00PM,"Helped set up the service area, supported participants, and documented next steps for the team.",No,Time,,2.50,,,,5,Yes,Alex Harper,alex.harper@example.org,,Verified,Alex Harper,,03/10/2026,,,0,,,,"Demo Program,Class of 2026",,,,,,"Aging,Community","Aging,Community",2004-02-15,unspecified,,Demo City,TN,37000,,,,Alex Harper,
9900042,03/17/2026,9100002,Jordan ( Jordan ),Rivera,jordan.rivera@example.edu,,B9001002,,1,Biology,,,,,,0000-00-00,,Senior,,0000-00-00,,2026-05-10,1,Student,,,Riley Adams,139.160,208946,Demo Community Kitchen,,Meal Prep Shift,,,,,,,Demo Program,,Timespan,03/17/2026,03/17/2026,10:00AM,12:00PM,Worked with community members on the planned activity and checked in with the site coordinator afterward.,No,Time,,4.00,,,,,Yes,Riley Adams,riley.adams@example.org,,Verified,Riley Adams,,03/19/2026,,,0,,,,"Demo Program,Class of 2026",,,,,,"Food Access,Civic Engagement","Food Access,Civic Engagement",2004-02-15,unspecified,,Demo City,TN,37000,,,,Riley Adams,
9900043,03/26/2026,9100002,Jordan ( Jordan ),Rivera,jordan.rivera@example.edu,,B9001002,,1,Biology,,,,,,0000-00-00,,Senior,,0000-00-00,,2026-05-10,1,Student,,,Casey Lee,139.160,208961,Demo Tutoring Center,,After-School Tutoring,,,,,,,Demo Program,,Timespan,03/26/2026,03/26/2026,10:00AM,12:00PM,,No,Time,,4.00,,,,5,Yes,Casey Lee,casey.lee@example.org,,Verified,Casey Lee,,03/28/2026,,,0,,,,"Demo Program,Class of 2026",,,,,,"Education,Youth","Education,Youth",2004-02-15,unspecified,,Demo City,TN,37000,,,,Casey Lee,
9900044,04/04/2026,9100002,Jordan ( Jordan ),Rivera,jordan.rivera@example.edu,,B9001002,,1,Biology,,,,,,0000-00-00,,Senior,,0000-00-00,,2026-05-10,1,Student,,,Morgan Blake,86.975,436923,Demo Neighborhood Garden,,Garden Workday,,,,,,,Demo Program,,Timespan,04/04/2026,04/04/2026,10:00AM,12:00PM,Completed the shift and learned more about how the partner organizes recurring volunteer roles.,No,Time,,2.50,,,,,Yes,Morgan Blake,morgan.blake@example.org,,Pending,,,,,,0,,,,"Demo Program,Class of 2026",,,,,,"Environment,Community","Environment,Community",2004-02-15,unspecified,,Demo City,TN,37000,,,,,
9900045,04/13/2026,9100002,Jordan ( Jordan ),Rivera,jordan.rivera@example.edu,,B9001002,,1,Biology,,,,,,0000-00-00,,Senior,,0000-00-00,,2026-05-10,1,Student,,,Alex Harper,139.160,481971,Demo Senior Center,,Resident Activities,,,,,,,Demo Program,,Timespan,04/13/2026,04/13/2026,10:00AM,12:00PM,"Helped set up the service area, supported participants, and documented next steps for the team.",No,Time,,4.00,,,,5,Yes,Alex Harper,alex.harper@example.org,,Verified,Alex Harper,,04/15/2026,,,0,,,,"Demo Program,Class of 2026",,,,,,"Aging,Community","Aging,Community",2004-02-15,unspecified,,Demo City,TN,37000,,,,Alex Harper,
9900046,01/14/2026,9100002,Jordan ( Jordan ),Rivera,jordan.rivera@example.edu,,B9001002,,1,Biology,,,,,,0000-00-00,,Senior,,0000-00-00,,2026-05-10,1,Student,,,Riley Adams,139.160,208946,Demo Community Kitchen,,Meal Prep Shift,,,,,,,Demo Program,,Timespan,01/14/2026,01/14/2026,10:00AM,12:00PM,Worked with community members on the planned activity and checked in with the site coordinator afterward.,No,Time,,4.00,,,,,Yes,Riley Adams,riley.adams@example.org,,Verified,Riley Adams,,01/16/2026,,,0,,,,"Demo Program,Class of 2026",,,,,,"Food Access,Civic Engagement","Food Access,Civic Engagement",2004-02-15,unspecified,,Demo City,TN,37000,,,,Riley Adams,
9900047,01/23/2026,9100002,Jordan ( Jordan ),Rivera,jordan.rivera@example.edu,,B9001002,,1,Biology,,,,,,0000-00-00,,Senior,,0000-00-00,,2026-05-10,1,Student,,,Casey Lee,69.580,208961,Demo Tutoring Center,,After-School Tutoring,,,,,,,Demo Program,,Timespan,01/23/2026,01/23/2026,10:00AM,12:00PM,,No,Time,,2.00,,,,5,Yes,Casey Lee,casey.lee@example.org,,Verified,Casey Lee,,01/25/2026,,,0,,,,"Demo Program,Class of 2026",,,,,,"Education,Youth","Education,Youth",2004-02-15,unspecified,,Demo City,TN,37000,,,,Casey Lee,
9900048,01/16/2026,9100003,Priya ( Priya ),Nair,priya.nair@example.edu,,B9001003,,1,Education Studies,,,,,,0000-00-00,,Junior,,0000-00-00,,2027-05-09,1,Student,,,Morgan Blake,86.975,436923,Demo Neighborhood Garden,,Garden Workday,,,,,,,Demo Program,,Timespan,01/16/2026,01/16/2026,10:00AM,12:00PM,Completed the shift and learned more about how the partner organizes recurring volunteer roles.,No,Time,,2.50,,,,5,Yes,Morgan Blake,morgan.blake@example.org,,Verified,Morgan Blake,,01/18/2026,,,0,,,,"Demo Program,Class of 2027",,,,,,"Environment,Community","Environment,Community",2005-03-15,unspecified,,Demo City,TN,37000,,,,Morgan Blake,
9900049,01/25/2026,9100003,Priya ( Priya ),Nair,priya.nair@example.edu,,B9001003,,1,Education Studies,,,,,,0000-00-00,,Junior,,0000-00-00,,2027-05-09,1,Student,,,Alex Harper,139.160,481971,Demo Senior Center,,Resident Activities,,,,,,,Demo Program,,Timespan,01/25/2026,01/25/2026,10:00AM,12:00PM,"Helped set up the service area, supported participants, and documented next steps for the team.",No,Time,,4.00,,,,,Yes,Alex Harper,alex.harper@example.org,,Verified,Alex Harper,,01/27/2026,,,0,,,,"Demo Program,Class of 2027",,,,,,"Aging,Community","Aging,Community",2005-03-15,unspecified,,Demo City,TN,37000,,,,Alex Harper,
9900050,02/03/2026,9100003,Priya ( Priya ),Nair,priya.nair@example.edu,,B9001003,,1,Education Studies,,,,,,0000-00-00,,Junior,,0000-00-00,,2027-05-09,1,Student,,,Riley Adams,139.160,208946,Demo Community Kitchen,,Meal Prep Shift,,,,,,,Demo Program,,Timespan,02/03/2026,02/03/2026,10:00AM,12:00PM,Worked with community members on the planned activity and checked in with the site coordinator afterward.,No,Time,,4.00,,,,5,Yes,Riley Adams,riley.adams@example.org,,Verified,Riley Adams,,02/05/2026,,,0,,,,"Demo Program,Class of 2027",,,,,,"Food Access,Civic Engagement","Food Access,Civic Engagement",2005-03-15,unspecified,,Demo City,TN,37000,,,,Riley Adams,
9900051,02/12/2026,9100003,Priya ( Priya ),Nair,priya.nair@example.edu,,B9001003,,1,Education Studies,,,,,,0000-00-00,,Junior,,0000-00-00,,2027-05-09,1,Student,,,Casey Lee,86.975,208961,Demo Tutoring Center,,After-School Tutoring,,,,,,,Demo Program,,Timespan,02/12/2026,02/12/2026,10:00AM,12:00PM,,No,Time,,2.50,,,,,Yes,Casey Lee,casey.lee@example.org,,Verified,Casey Lee,,02/14/2026,,,0,,,,"Demo Program,Class of 2027",,,,,,"Education,Youth","Education,Youth",2005-03-15,unspecified,,Demo City,TN,37000,,,,Casey Lee,
9900052,02/21/2026,9100003,Priya ( Priya ),Nair,priya.nair@example.edu,,B9001003,,1,Education Studies,,,,,,0000-00-00,,Junior,,0000-00-00,,2027-05-09,1,Student,,,Morgan Blake,139.160,436923,Demo Neighborhood Garden,,Garden Workday,,,,,,,Demo Program,,Timespan,02/21/2026,02/21/2026,10:00AM,12:00PM,Completed the shift and learned more about how the partner organizes recurring volunteer roles.,No,Time,,4.00,,,,5,Yes,Morgan Blake,morgan.blake@example.org,,Pending,,,,,,0,,,,"Demo Program,Class of 2027",,,,,,"Environment,Community","Environment,Community",2005-03-15,unspecified,,Demo City,TN,37000,,,,,
9900053,03/02/2026,9100003,Priya ( Priya ),Nair,priya.nair@example.edu,,B9001003,,1,Education Studies,,,,,,0000-00-00,,Junior,,0000-00-00,,2027-05-09,1,Student,,,Alex Harper,139.160,481971,Demo Senior Center,,Resident Activities,,,,,,,Demo Program,,Timespan,03/02/2026,03/02/2026,10:00AM,12:00PM,"Helped set up the service area, supported participants, and documented next steps for the team.",No,Time,,4.00,,,,,Yes,Alex Harper,alex.harper@example.org,,Verified,Alex Harper,,03/04/2026,,,0,,,,"Demo Program,Class of 2027",,,,,,"Aging,Community","Aging,Community",2005-03-15,unspecified,,Demo City,TN,37000,,,,Alex Harper,
9900054,03/11/2026,9100003,Priya ( Priya ),Nair,priya.nair@example.edu,,B9001003,,1,Education Studies,,,,,,0000-00-00,,Junior,,0000-00-00,,2027-05-09,1,Student,,,Riley Adams,86.975,208946,Demo Community Kitchen,,Meal Prep Shift,,,,,,,Demo Program,,Timespan,03/11/2026,03/11/2026,10:00AM,12:00PM,Worked with community members on the planned activity and checked in with the site coordinator afterward.,No,Time,,2.50,,,,5,Yes,Riley Adams,riley.adams@example.org,,Verified,Riley Adams,,03/13/2026,,,0,,,,"Demo Program,Class of 2027",,,,,,"Food Access,Civic Engagement","Food Access,Civic Engagement",2005-03-15,unspecified,,Demo City,TN,37000,,,,Riley Adams,
9900055,03/20/2026,9100003,Priya ( Priya ),Nair,priya.nair@example.edu,,B9001003,,1,Education Studies,,,,,,0000-00-00,,Junior,,0000-00-00,,2027-05-09,1,Student,,,Casey Lee,139.160,208961,Demo Tutoring Center,,After-School Tutoring,,,,,,,Demo Program,,Timespan,03/20/2026,03/20/2026,10:00AM,12:00PM,,No,Time,,4.00,,,,,Yes,Casey Lee,casey.lee@example.org,,Verified,Casey Lee,,03/22/2026,,,0,,,,"Demo Program,Class of 2027",,,,,,"Education,Youth","Education,Youth",2005-03-15,unspecified,,Demo City,TN,37000,,,,Casey Lee,
9900056,03/29/2026,9100003,Priya ( Priya ),Nair,priya.nair@example.edu,,B9001003,,1,Education Studies,,,,,,0000-00-00,,Junior,,0000-00-00,,2027-05-09,1,Student,,,Morgan Blake,139.160,436923,Demo Neighborhood Garden,,Garden Workday,,,,,,,Demo Program,,Timespan,03/29/2026,03/29/2026,10:00AM,12:00PM,Completed the shift and learned more about how the partner organizes recurring volunteer roles.,No,Time,,4.00,,,,5,Yes,Morgan Blake,morgan.blake@example.org,,Verified,Morgan Blake,,03/31/2026,,,0,,,,"Demo Program,Class of 2027",,,,,,"Environment,Community","Environment,Community",2005-03-15,unspecified,,Demo City,TN,37000,,,,Morgan Blake,
9900057,04/07/2026,9100003,Priya ( Priya ),Nair,priya.nair@example.edu,,B9001003,,1,Education Studies,,,,,,0000-00-00,,Junior,,0000-00-00,,2027-05-09,1,Student,,,Alex Harper,86.975,481971,Demo Senior Center,,Resident Activities,,,,,,,Demo Program,,Timespan,04/07/2026,04/07/2026,10:00AM,12:00PM,"Helped set up the service area, supported participants, and documented next steps for the team.",No,Time,,2.50,,,,,Yes,Alex Harper,alex.harper@example.org,,Pending,,,,,,0,,,,"Demo Program,Class of 2027",,,,,,"Aging,Community","Aging,Community",2005-03-15,unspecified,,Demo City,TN,37000,,,,,
9900058,04/16/2026,9100003,Priya ( Priya ),Nair,priya.nair@example.edu,,B9001003,,1,Education Studies,,,,,,0000-00-00,,Junior,,0000-00-00,,2027-05-09,1,Student,,,Riley Adams,139.160,208946,Demo Community Kitchen,,Meal Prep Shift,,,,,,,Demo Program,,Timespan,04/16/2026,04/16/2026,10:00AM,12:00PM,Worked with community members on the planned activity and checked in with the site coordinator afterward.,No,Time,,4.00,,,,5,Yes,Riley Adams,riley.adams@example.org,,Verified,Riley Adams,,04/18/2026,,,0,,,,"Demo Program,Class of 2027",,,,,,"Food Access,Civic Engagement","Food Access,Civic Engagement",2005-03-15,unspecified,,Demo City,TN,37000,,,,Riley Adams,
9900059,01/17/2026,9100003,Priya ( Priya ),Nair,priya.nair@example.edu,,B9001003,,1,Education Studies,,,,,,0000-00-00,,Junior,,0000-00-00,,2027-05-09,1,Student,,,Casey Lee,139.160,208961,Demo Tutoring Center,,After-School Tutoring,,,,,,,Demo Program,,Timespan,01/17/2026,01/17/2026,10:00AM,12:00PM,,No,Time,,4.00,,,,,Yes,Casey Lee,casey.lee@example.org,,Verified,Casey Lee,,01/19/2026,,,0,,,,"Demo Program,Class of 2027",,,,,,"Education,Youth","Education,Youth",2005-03-15,unspecified,,Demo City,TN,37000,,,,Casey Lee,
9900060,01/26/2026,9100003,Priya ( Priya ),Nair,priya.nair@example.edu,,B9001003,,1,Education Studies,,,,,,0000-00-00,,Junior,,0000-00-00,,2027-05-09,1,Student,,,Morgan Blake,86.975,436923,Demo Neighborhood Garden,,Garden Workday,,,,,,,Demo Program,,Timespan,01/26/2026,01/26/2026,10:00AM,12:00PM,Completed the shift and learned more about how the partner organizes recurring volunteer roles.,No,Time,,2.50,,,,5,Yes,Morgan Blake,morgan.blake@example.org,,Verified,Morgan Blake,,01/28/2026,,,0,,,,"Demo Program,Class of 2027",,,,,,"Environment,Community","Environment,Community",2005-03-15,unspecified,,Demo City,TN,37000,,,,Morgan Blake,
9900061,02/04/2026,9100003,Priya ( Priya ),Nair,priya.nair@example.edu,,B9001003,,1,Education Studies,,,,,,0000-00-00,,Junior,,0000-00-00,,2027-05-09,1,Student,,,Alex Harper,139.160,481971,Demo Senior Center,,Resident Activities,,,,,,,Demo Program,,Timespan,02/04/2026,02/04/2026,10:00AM,12:00PM,"Helped set up the service area, supported participants, and documented next steps for the team.",No,Time,,4.00,,,,,Yes,Alex Harper,alex.harper@example.org,,Verified,Alex Harper,,02/06/2026,,,0,,,,"Demo Program,Class of 2027",,,,,,"Aging,Community","Aging,Community",2005-03-15,unspecified,,Demo City,TN,37000,,,,Alex Harper,
9900062,02/13/2026,9100003,Priya ( Priya ),Nair,priya.nair@example.edu,,B9001003,,1,Education Studies,,,,,,0000-00-00,,Junior,,0000-00-00,,2027-05-09,1,Student,,,Riley Adams,139.160,208946,Demo Community Kitchen,,Meal Prep Shift,,,,,,,Demo Program,,Timespan,02/13/2026,02/13/2026,10:00AM,12:00PM,Worked with community members on the planned activity and checked in with the site coordinator afterward.,No,Time,,4.00,,,,5,Yes,Riley Adams,riley.adams@example.org,,Pending,,,,,,0,,,,"Demo Program,Class of 2027",,,,,,"Food Access,Civic Engagement","Food Access,Civic Engagement",2005-03-15,unspecified,,Demo City,TN,37000,,,,,
9900063,02/22/2026,9100003,Priya ( Priya ),Nair,priya.nair@example.edu,,B9001003,,1,Education Studies,,,,,,0000-00-00,,Junior,,0000-00-00,,2027-05-09,1,Student,,,Casey Lee,86.975,208961,Demo Tutoring Center,,After-School Tutoring,,,,,,,Demo Program,,Timespan,02/22/2026,02/22/2026,10:00AM,12:00PM,,No,Time,,2.50,,,,,Yes,Casey Lee,casey.lee@example.org,,Verified,Casey Lee,,02/24/2026,,,0,,,,"Demo Program,Class of 2027",,,,,,"Education,Youth","Education,Youth",2005-03-15,unspecified,,Demo City,TN,37000,,,,Casey Lee,
9900064,03/03/2026,9100003,Priya ( Priya ),Nair,priya.nair@example.edu,,B9001003,,1,Education Studies,,,,,,0000-00-00,,Junior,,0000-00-00,,2027-05-09,1,Student,,,Morgan Blake,139.160,436923,Demo Neighborhood Garden,,Garden Workday,,,,,,,Demo Program,,Timespan,03/03/2026,03/03/2026,10:00AM,12:00PM,Completed the shift and learned more about how the partner organizes recurring volunteer roles.,No,Time,,4.00,,,,5,Yes,Morgan Blake,morgan.blake@example.org,,Verified,Morgan Blake,,03/05/2026,,,0,,,,"Demo Program,Class of 2027",,,,,,"Environment,Community","Environment,Community",2005-03-15,unspecified,,Demo City,TN,37000,,,,Morgan Blake,
9900065,03/12/2026,9100003,Priya ( Priya ),Nair,priya.nair@example.edu,,B9001003,,1,Education Studies,,,,,,0000-00-00,,Junior,,0000-00-00,,2027-05-09,1,Student,,,Alex Harper,139.160,481971,Demo Senior Center,,Resident Activities,,,,,,,Demo Program,,Timespan,03/12/2026,03/12/2026,10:00AM,12:00PM,"Helped set up the service area, supported participants, and documented next steps for the team.",No,Time,,4.00,,,,,Yes,Alex Harper,alex.harper@example.org,,Verified,Alex Harper,,03/14/2026,,,0,,,,"Demo Program,Class of 2027",,,,,,"Aging,Community","Aging,Community",2005-03-15,unspecified,,Demo City,TN,37000,,,,Alex Harper,
9900066,03/21/2026,9100003,Priya ( Priya ),Nair,priya.nair@example.edu,,B9001003,,1,Education Studies,,,,,,0000-00-00,,Junior,,0000-00-00,,2027-05-09,1,Student,,,Riley Adams,86.975,208946,Demo Community Kitchen,,Meal Prep Shift,,,,,,,Demo Program,,Timespan,03/21/2026,03/21/2026,10:00AM,12:00PM,Worked with community members on the planned activity and checked in with the site coordinator afterward.,No,Time,,2.50,,,,5,Yes,Riley Adams,riley.adams@example.org,,Verified,Riley Adams,,03/23/2026,,,0,,,,"Demo Program,Class of 2027",,,,,,"Food Access,Civic Engagement","Food Access,Civic Engagement",2005-03-15,unspecified,,Demo City,TN,37000,,,,Riley Adams,
9900067,03/30/2026,9100003,Priya ( Priya ),Nair,priya.nair@example.edu,,B9001003,,1,Education Studies,,,,,,0000-00-00,,Junior,,0000-00-00,,2027-05-09,1,Student,,,Casey Lee,139.160,208961,Demo Tutoring Center,,After-School Tutoring,,,,,,,Demo Program,,Timespan,03/30/2026,03/30/2026,10:00AM,12:00PM,,No,Time,,4.00,,,,,Yes,Casey Lee,casey.lee@example.org,,Pending,,,,,,0,,,,"Demo Program,Class of 2027",,,,,,"Education,Youth","Education,Youth",2005-03-15,unspecified,,Demo City,TN,37000,,,,,
9900068,04/08/2026,9100003,Priya ( Priya ),Nair,priya.nair@example.edu,,B9001003,,1,Education Studies,,,,,,0000-00-00,,Junior,,0000-00-00,,2027-05-09,1,Student,,,Morgan Blake,139.160,436923,Demo Neighborhood Garden,,Garden Workday,,,,,,,Demo Program,,Timespan,04/08/2026,04/08/2026,10:00AM,12:00PM,Completed the shift and learned more about how the partner organizes recurring volunteer roles.,No,Time,,4.00,,,,5,Yes,Morgan Blake,morgan.blake@example.org,,Verified,Morgan Blake,,04/10/2026,,,0,,,,"Demo Program,Class of 2027",,,,,,"Environment,Community","Environment,Community",2005-03-15,unspecified,,Demo City,TN,37000,,,,Morgan Blake,
9900069,04/17/2026,9100003,Priya ( Priya ),Nair,priya.nair@example.edu,,B9001003,,1,Education Studies,,,,,,0000-00-00,,Junior,,0000-00-00,,2027-05-09,1,Student,,,Alex Harper,86.975,481971,Demo Senior Center,,Resident Activities,,,,,,,Demo Program,,Timespan,04/17/2026,04/17/2026,10:00AM,12:00PM,"Helped set up the service area, supported participants, and documented next steps for the team.",No,Time,,2.50,,,,,Yes,Alex Harper,alex.harper@example.org,,Verified,Alex Harper,,04/19/2026,,,0,,,,"Demo Program,Class of 2027",,,,,,"Aging,Community","Aging,Community",2005-03-15,unspecified,,Demo City,TN,37000,,,,Alex Harper,
9900070,01/18/2026,9100003,Priya ( Priya ),Nair,priya.nair@example.edu,,B9001003,,1,Education Studies,,,,,,0000-00-00,,Junior,,0000-00-00,,2027-05-09,1,Student,,,Riley Adams,139.160,208946,Demo Community Kitchen,,Meal Prep Shift,,,,,,,Demo Program,,Timespan,01/18/2026,01/18/2026,10:00AM,12:00PM,Worked with community members on the planned activity and checked in with the site coordinator afterward.,No,Time,,4.00,,,,5,Yes,Riley Adams,riley.adams@example.org,,Verified,Riley Adams,,01/20/2026,,,0,,,,"Demo Program,Class of 2027",,,,,,"Food Access,Civic Engagement","Food Access,Civic Engagement",2005-03-15,unspecified,,Demo City,TN,37000,,,,Riley Adams,
9900071,01/27/2026,9100003,Priya ( Priya ),Nair,priya.nair@example.edu,,B9001003,,1,Education Studies,,,,,,0000-00-00,,Junior,,0000-00-00,,2027-05-09,1,Student,,,Casey Lee,139.160,208961,Demo Tutoring Center,,After-School Tutoring,,,,,,,Demo Program,,Timespan,01/27/2026,01/27/2026,10:00AM,12:00PM,,No,Time,,4.00,,,,,Yes,Casey Lee,casey.lee@example.org,,Verified,Casey Lee,,01/29/2026,,,0,,,,"Demo Program,Class of 2027",,,,,,"Education,Youth","Education,Youth",2005-03-15,unspecified,,Demo City,TN,37000,,,,Casey Lee,
9900072,02/05/2026,9100003,Priya ( Priya ),Nair,priya.nair@example.edu,,B9001003,,1,Education Studies,,,,,,0000-00-00,,Junior,,0000-00-00,,2027-05-09,1,Student,,,Morgan Blake,86.975,436923,Demo Neighborhood Garden,,Garden Workday,,,,,,,Demo Program,,Timespan,02/05/2026,02/05/2026,10:00AM,12:00PM,Completed the shift and learned more about how the partner organizes recurring volunteer roles.,No,Time,,2.50,,,,5,Yes,Morgan Blake,morgan.blake@example.org,,Pending,,,,,,0,,,,"Demo Program,Class of 2027",,,,,,"Environment,Community","Environment,Community",2005-03-15,unspecified,,Demo City,TN,37000,,,,,
9900073,02/14/2026,9100003,Priya ( Priya ),Nair,priya.nair@example.edu,,B9001003,,1,Education Studies,,,,,,0000-00-00,,Junior,,0000-00-00,,2027-05-09,1,Student,,,Alex Harper,139.160,481971,Demo Senior Center,,Resident Activities,,,,,,,Demo Program,,Timespan,02/14/2026,02/14/2026,10:00AM,12:00PM,"Helped set up the service area, supported participants, and documented next steps for the team.",No,Time,,4.00,,,,,Yes,Alex Harper,alex.harper@example.org,,Verified,Alex Harper,,02/16/2026,,,0,,,,"Demo Program,Class of 2027",,,,,,"Aging,Community","Aging,Community",2005-03-15,unspecified,,Demo City,TN,37000,,,,Alex Harper,
9900074,02/23/2026,9100003,Priya ( Priya ),Nair,priya.nair@example.edu,,B9001003,,1,Education Studies,,,,,,0000-00-00,,Junior,,0000-00-00,,2027-05-09,1,Student,,,Riley Adams,139.160,208946,Demo Community Kitchen,,Meal Prep Shift,,,,,,,Demo Program,,Timespan,02/23/2026,02/23/2026,10:00AM,12:00PM,Worked with community members on the planned activity and checked in with the site coordinator afterward.,No,Time,,4.00,,,,5,Yes,Riley Adams,riley.adams@example.org,,Verified,Riley Adams,,02/25/2026,,,0,,,,"Demo Program,Class of 2027",,,,,,"Food Access,Civic Engagement","Food Access,Civic Engagement",2005-03-15,unspecified,,Demo City,TN,37000,,,,Riley Adams,
9900075,03/04/2026,9100003,Priya ( Priya ),Nair,priya.nair@example.edu,,B9001003,,1,Education Studies,,,,,,0000-00-00,,Junior,,0000-00-00,,2027-05-09,1,Student,,,Casey Lee,52.185,208961,Demo Tutoring Center,,After-School Tutoring,,,,,,,Demo Program,,Timespan,03/04/2026,03/04/2026,10:00AM,12:00PM,,No,Time,,1.50,,,,,Yes,Casey Lee,casey.lee@example.org,,Verified,Casey Lee,,03/06/2026,,,0,,,,"Demo Program,Class of 2027",,,,,,"Education,Youth","Education,Youth",2005-03-15,unspecified,,Demo City,TN,37000,,,,Casey Lee,
9900076,01/19/2026,9100004,Noah ( Noah ),Brooks,noah.brooks@example.edu,,B9001004,,1,Environmental Studies,,,,,,0000-00-00,,Junior,,0000-00-00,,2027-05-09,1,Student,,,Alex Harper,86.975,481971,Demo Senior Center,,Resident Activities,,,,,,,Demo Program,,Timespan,01/19/2026,01/19/2026,10:00AM,12:00PM,"Helped set up the service area, supported participants, and documented next steps for the team.",No,Time,,2.50,,,,5,Yes,Alex Harper,alex.harper@example.org,,Verified,Alex Harper,,01/21/2026,,,0,,,,"Demo Program,Class of 2027",,,,,,"Aging,Community","Aging,Community",2006-04-15,unspecified,,Demo City,TN,37000,,,,Alex Harper,
9900077,01/28/2026,9100004,Noah ( Noah ),Brooks,noah.brooks@example.edu,,B9001004,,1,Environmental Studies,,,,,,0000-00-00,,Junior,,0000-00-00,,2027-05-09,1,Student,,,Riley Adams,139.160,208946,Demo Community Kitchen,,Meal Prep Shift,,,,,,,Demo Program,,Timespan,01/28/2026,01/28/2026,10:00AM,12:00PM,Worked with community members on the planned activity and checked in with the site coordinator afterward.,No,Time,,4.00,,,,,Yes,Riley Adams,riley.adams@example.org,,Verified,Riley Adams,,01/30/2026,,,0,,,,"Demo Program,Class of 2027",,,,,,"Food Access,Civic Engagement","Food Access,Civic Engagement",2006-04-15,unspecified,,Demo City,TN,37000,,,,Riley Adams,
9900078,02/06/2026,9100004,Noah ( Noah ),Brooks,noah.brooks@example.edu,,B9001004,,1,Environmental Studies,,,,,,0000-00-00,,Junior,,0000-00-00,,2027-05-09,1,Student,,,Casey Lee,52.185,208961,Demo Tutoring Center,,After-School Tutoring,,,,,,,Demo Program,,Timespan,02/06/2026,02/06/2026,10:00AM,12:00PM,,No,Time,,1.50,,,,5,Yes,Casey Lee,casey.lee@example.org,,Verified,Casey Lee,,02/08/2026,,,0,,,,"Demo Program,Class of 2027",,,,,,"Education,Youth","Education,Youth",2006-04-15,unspecified,,Demo City,TN,37000,,,,Casey Lee,
9900079,01/22/2026,9100005,Elena ( Elena ),Park,elena.park@example.edu,,B9001005,,1,Economics,,,,,,0000-00-00,,Sophomore,,0000-00-00,,2028-05-14,1,Student,,,Riley Adams,86.975,208946,Demo Community Kitchen,,Meal Prep Shift,,,,,,,Demo Program,,Timespan,01/22/2026,01/22/2026,10:00AM,12:00PM,Worked with community members on the planned activity and checked in with the site coordinator afterward.,No,Time,,2.50,,,,5,Yes,Riley Adams,riley.adams@example.org,,Verified,Riley Adams,,01/24/2026,,,0,,,,"Demo Program,Class of 2028",,,,,,"Food Access,Civic Engagement","Food Access,Civic Engagement",2007-05-15,unspecified,,Demo City,TN,37000,,,,Riley Adams,
9900080,01/31/2026,9100005,Elena ( Elena ),Park,elena.park@example.edu,,B9001005,,1,Economics,,,,,,0000-00-00,,Sophomore,,0000-00-00,,2028-05-14,1,Student,,,Casey Lee,139.160,208961,Demo Tutoring Center,,After-School Tutoring,,,,,,,Demo Program,,Timespan,01/31/2026,01/31/2026,10:00AM,12:00PM,,No,Time,,4.00,,,,,Yes,Casey Lee,casey.lee@example.org,,Verified,Casey Lee,,02/02/2026,,,0,,,,"Demo Program,Class of 2028",,,,,,"Education,Youth","Education,Youth",2007-05-15,unspecified,,Demo City,TN,37000,,,,Casey Lee,
9900081,02/09/2026,9100005,Elena ( Elena ),Park,elena.park@example.edu,,B9001005,,1,Economics,,,,,,0000-00-00,,Sophomore,,0000-00-00,,2028-05-14,1,Student,,,Morgan Blake,139.160,436923,Demo Neighborhood Garden,,Garden Workday,,,,,,,Demo Program,,Timespan,02/09/2026,02/09/2026,10:00AM,12:00PM,Completed the shift and learned more about how the partner organizes recurring volunteer roles.,No,Time,,4.00,,,,5,Yes,Morgan Blake,morgan.blake@example.org,,Verified,Morgan Blake,,02/11/2026,,,0,,,,"Demo Program,Class of 2028",,,,,,"Environment,Community","Environment,Community",2007-05-15,unspecified,,Demo City,TN,37000,,,,Morgan Blake,
9900082,02/18/2026,9100005,Elena ( Elena ),Park,elena.park@example.edu,,B9001005,,1,Economics,,,,,,0000-00-00,,Sophomore,,0000-00-00,,2028-05-14,1,Student,,,Alex Harper,86.975,481971,Demo Senior Center,,Resident Activities,,,,,,,Demo Program,,Timespan,02/18/2026,02/18/2026,10:00AM,12:00PM,"Helped set up the service area, supported participants, and documented next steps for the team.",No,Time,,2.50,,,,,Yes,Alex Harper,alex.harper@example.org,,Verified,Alex Harper,,02/20/2026,,,0,,,,"Demo Program,Class of 2028",,,,,,"Aging,Community","Aging,Community",2007-05-15,unspecified,,Demo City,TN,37000,,,,Alex Harper,
9900083,02/27/2026,9100005,Elena ( Elena ),Park,elena.park@example.edu,,B9001005,,1,Economics,,,,,,0000-00-00,,Sophomore,,0000-00-00,,2028-05-14,1,Student,,,Riley Adams,139.160,208946,Demo Community Kitchen,,Meal Prep Shift,,,,,,,Demo Program,,Timespan,02/27/2026,02/27/2026,10:00AM,12:00PM,Worked with community members on the planned activity and checked in with the site coordinator afterward.,No,Time,,4.00,,,,5,Yes,Riley Adams,riley.adams@example.org,,Pending,,,,,,0,,,,"Demo Program,Class of 2028",,,,,,"Food Access,Civic Engagement","Food Access,Civic Engagement",2007-05-15,unspecified,,Demo City,TN,37000,,,,,
9900084,03/08/2026,9100005,Elena ( Elena ),Park,elena.park@example.edu,,B9001005,,1,Economics,,,,,,0000-00-00,,Sophomore,,0000-00-00,,2028-05-14,1,Student,,,Casey Lee,139.160,208961,Demo Tutoring Center,,After-School Tutoring,,,,,,,Demo Program,,Timespan,03/08/2026,03/08/2026,10:00AM,12:00PM,,No,Time,,4.00,,,,,Yes,Casey Lee,casey.lee@example.org,,Verified,Casey Lee,,03/10/2026,,,0,,,,"Demo Program,Class of 2028",,,,,,"Education,Youth","Education,Youth",2007-05-15,unspecified,,Demo City,TN,37000,,,,Casey Lee,
9900085,03/17/2026,9100005,Elena ( Elena ),Park,elena.park@example.edu,,B9001005,,1,Economics,,,,,,0000-00-00,,Sophomore,,0000-00-00,,2028-05-14,1,Student,,,Morgan Blake,86.975,436923,Demo Neighborhood Garden,,Garden Workday,,,,,,,Demo Program,,Timespan,03/17/2026,03/17/2026,10:00AM,12:00PM,Completed the shift and learned more about how the partner organizes recurring volunteer roles.,No,Time,,2.50,,,,5,Yes,Morgan Blake,morgan.blake@example.org,,Verified,Morgan Blake,,03/19/2026,,,0,,,,"Demo Program,Class of 2028",,,,,,"Environment,Community","Environment,Community",2007-05-15,unspecified,,Demo City,TN,37000,,,,Morgan Blake,
9900086,03/26/2026,9100005,Elena ( Elena ),Park,elena.park@example.edu,,B9001005,,1,Economics,,,,,,0000-00-00,,Sophomore,,0000-00-00,,2028-05-14,1,Student,,,Alex Harper,139.160,481971,Demo Senior Center,,Resident Activities,,,,,,,Demo Program,,Timespan,03/26/2026,03/26/2026,10:00AM,12:00PM,"Helped set up the service area, supported participants, and documented next steps for the team.",No,Time,,4.00,,,,,Yes,Alex Harper,alex.harper@example.org,,Verified,Alex Harper,,03/28/2026,,,0,,,,"Demo Program,Class of 2028",,,,,,"Aging,Community","Aging,Community",2007-05-15,unspecified,,Demo City,TN,37000,,,,Alex Harper,
9900087,04/04/2026,9100005,Elena ( Elena ),Park,elena.park@example.edu,,B9001005,,1,Economics,,,,,,0000-00-00,,Sophomore,,0000-00-00,,2028-05-14,1,Student,,,Riley Adams,139.160,208946,Demo Community Kitchen,,Meal Prep Shift,,,,,,,Demo Program,,Timespan,04/04/2026,04/04/2026,10:00AM,12:00PM,Worked with community members on the planned activity and checked in with the site coordinator afterward.,No,Time,,4.00,,,,5,Yes,Riley Adams,riley.adams@example.org,,Verified,Riley Adams,,04/06/2026,,,0,,,,"Demo Program,Class of 2028",,,,,,"Food Access,Civic Engagement","Food Access,Civic Engagement",2007-05-15,unspecified,,Demo City,TN,37000,,,,Riley Adams,
9900088,04/13/2026,9100005,Elena ( Elena ),Park,elena.park@example.edu,,B9001005,,1,Economics,,,,,,0000-00-00,,Sophomore,,0000-00-00,,2028-05-14,1,Student,,,Casey Lee,86.975,208961,Demo Tutoring Center,,After-School Tutoring,,,,,,,Demo Program,,Timespan,04/13/2026,04/13/2026,10:00AM,12:00PM,,No,Time,,2.50,,,,,Yes,Casey Lee,casey.lee@example.org,,Pending,,,,,,0,,,,"Demo Program,Class of 2028",,,,,,"Education,Youth","Education,Youth",2007-05-15,unspecified,,Demo City,TN,37000,,,,,
9900089,01/14/2026,9100005,Elena ( Elena ),Park,elena.park@example.edu,,B9001005,,1,Economics,,,,,,0000-00-00,,Sophomore,,0000-00-00,,2028-05-14,1,Student,,,Morgan Blake,139.160,436923,Demo Neighborhood Garden,,Garden Workday,,,,,,,Demo Program,,Timespan,01/14/2026,01/14/2026,10:00AM,12:00PM,Completed the shift and learned more about how the partner organizes recurring volunteer roles.,No,Time,,4.00,,,,5,Yes,Morgan Blake,morgan.blake@example.org,,Verified,Morgan Blake,,01/16/2026,,,0,,,,"Demo Program,Class of 2028",,,,,,"Environment,Community","Environment,Community",2007-05-15,unspecified,,Demo City,TN,37000,,,,Morgan Blake,
9900090,01/23/2026,9100005,Elena ( Elena ),Park,elena.park@example.edu,,B9001005,,1,Economics,,,,,,0000-00-00,,Sophomore,,0000-00-00,,2028-05-14,1,Student,,,Alex Harper,139.160,481971,Demo Senior Center,,Resident Activities,,,,,,,Demo Program,,Timespan,01/23/2026,01/23/2026,10:00AM,12:00PM,"Helped set up the service area, supported participants, and documented next steps for the team.",No,Time,,4.00,,,,,Yes,Alex Harper,alex.harper@example.org,,Verified,Alex Harper,,01/25/2026,,,0,,,,"Demo Program,Class of 2028",,,,,,"Aging,Community","Aging,Community",2007-05-15,unspecified,,Demo City,TN,37000,,,,Alex Harper,
9900091,02/01/2026,9100005,Elena ( Elena ),Park,elena.park@example.edu,,B9001005,,1,Economics,,,,,,0000-00-00,,Sophomore,,0000-00-00,,2028-05-14,1,Student,,,Riley Adams,86.975,208946,Demo Community Kitchen,,Meal Prep Shift,,,,,,,Demo Program,,Timespan,02/01/2026,02/01/2026,10:00AM,12:00PM,Worked with community members on the planned activity and checked in with the site coordinator afterward.,No,Time,,2.50,,,,5,Yes,Riley Adams,riley.adams@example.org,,Verified,Riley Adams,,02/03/2026,,,0,,,,"Demo Program,Class of 2028",,,,,,"Food Access,Civic Engagement","Food Access,Civic Engagement",2007-05-15,unspecified,,Demo City,TN,37000,,,,Riley Adams,
9900092,02/10/2026,9100005,Elena ( Elena ),Park,elena.park@example.edu,,B9001005,,1,Economics,,,,,,0000-00-00,,Sophomore,,0000-00-00,,2028-05-14,1,Student,,,Casey Lee,139.160,208961,Demo Tutoring Center,,After-School Tutoring,,,,,,,Demo Program,,Timespan,02/10/2026,02/10/2026,10:00AM,12:00PM,,No,Time,,4.00,,,,,Yes,Casey Lee,casey.lee@example.org,,Verified,Casey Lee,,02/12/2026,,,0,,,,"Demo Program,Class of 2028",,,,,,"Education,Youth","Education,Youth",2007-05-15,unspecified,,Demo City,TN,37000,,,,Casey Lee,
9900093,02/19/2026,9100005,Elena ( Elena ),Park,elena.park@example.edu,,B9001005,,1,Economics,,,,,,0000-00-00,,Sophomore,,0000-00-00,,2028-05-14,1,Student,,,Morgan Blake,139.160,436923,Demo Neighborhood Garden,,Garden Workday,,,,,,,Demo Program,,Timespan,02/19/2026,02/19/2026,10:00AM,12:00PM,Completed the shift and learned more about how the partner organizes recurring volunteer roles.,No,Time,,4.00,,,,5,Yes,Morgan Blake,morgan.blake@example.org,,Pending,,,,,,0,,,,"Demo Program,Class of 2028",,,,,,"Environment,Community","Environment,Community",2007-05-15,unspecified,,Demo City,TN,37000,,,,,
9900094,02/28/2026,9100005,Elena ( Elena ),Park,elena.park@example.edu,,B9001005,,1,Economics,,,,,,0000-00-00,,Sophomore,,0000-00-00,,2028-05-14,1,Student,,,Alex Harper,86.975,481971,Demo Senior Center,,Resident Activities,,,,,,,Demo Program,,Timespan,02/28/2026,02/28/2026,10:00AM,12:00PM,"Helped set up the service area, supported participants, and documented next steps for the team.",No,Time,,2.50,,,,,Yes,Alex Harper,alex.harper@example.org,,Verified,Alex Harper,,03/02/2026,,,0,,,,"Demo Program,Class of 2028",,,,,,"Aging,Community","Aging,Community",2007-05-15,unspecified,,Demo City,TN,37000,,,,Alex Harper,
9900095,03/09/2026,9100005,Elena ( Elena ),Park,elena.park@example.edu,,B9001005,,1,Economics,,,,,,0000-00-00,,Sophomore,,0000-00-00,,2028-05-14,1,Student,,,Riley Adams,139.160,208946,Demo Community Kitchen,,Meal Prep Shift,,,,,,,Demo Program,,Timespan,03/09/2026,03/09/2026,10:00AM,12:00PM,Worked with community members on the planned activity and checked in with the site coordinator afterward.,No,Time,,4.00,,,,5,Yes,Riley Adams,riley.adams@example.org,,Verified,Riley Adams,,03/11/2026,,,0,,,,"Demo Program,Class of 2028",,,,,,"Food Access,Civic Engagement","Food Access,Civic Engagement",2007-05-15,unspecified,,Demo City,TN,37000,,,,Riley Adams,
9900096,03/18/2026,9100005,Elena ( Elena ),Park,elena.park@example.edu,,B9001005,,1,Economics,,,,,,0000-00-00,,Sophomore,,0000-00-00,,2028-05-14,1,Student,,,Casey Lee,139.160,208961,Demo Tutoring Center,,After-School Tutoring,,,,,,,Demo Program,,Timespan,03/18/2026,03/18/2026,10:00AM,12:00PM,,No,Time,,4.00,,,,,Yes,Casey Lee,casey.lee@example.org,,Verified,Casey Lee,,03/20/2026,,,0,,,,"Demo Program,Class of 2028",,,,,,"Education,Youth","Education,Youth",2007-05-15,unspecified,,Demo City,TN,37000,,,,Casey Lee,
9900097,03/27/2026,9100005,Elena ( Elena ),Park,elena.park@example.edu,,B9001005,,1,Economics,,,,,,0000-00-00,,Sophomore,,0000-00-00,,2028-05-14,1,Student,,,Morgan Blake,86.975,436923,Demo Neighborhood Garden,,Garden Workday,,,,,,,Demo Program,,Timespan,03/27/2026,03/27/2026,10:00AM,12:00PM,Completed the shift and learned more about how the partner organizes recurring volunteer roles.,No,Time,,2.50,,,,5,Yes,Morgan Blake,morgan.blake@example.org,,Verified,Morgan Blake,,03/29/2026,,,0,,,,"Demo Program,Class of 2028",,,,,,"Environment,Community","Environment,Community",2007-05-15,unspecified,,Demo City,TN,37000,,,,Morgan Blake,
9900098,04/05/2026,9100005,Elena ( Elena ),Park,elena.park@example.edu,,B9001005,,1,Economics,,,,,,0000-00-00,,Sophomore,,0000-00-00,,2028-05-14,1,Student,,,Alex Harper,139.160,481971,Demo Senior Center,,Resident Activities,,,,,,,Demo Program,,Timespan,04/05/2026,04/05/2026,10:00AM,12:00PM,"Helped set up the service area, supported participants, and documented next steps for the team.",No,Time,,4.00,,,,,Yes,Alex Harper,alex.harper@example.org,,Pending,,,,,,0,,,,"Demo Program,Class of 2028",,,,,,"Aging,Community","Aging,Community",2007-05-15,unspecified,,Demo City,TN,37000,,,,,
9900099,04/14/2026,9100005,Elena ( Elena ),Park,elena.park@example.edu,,B9001005,,1,Economics,,,,,,0000-00-00,,Sophomore,,0000-00-00,,2028-05-14,1,Student,,,Riley Adams,139.160,208946,Demo Community Kitchen,,Meal Prep Shift,,,,,,,Demo Program,,Timespan,04/14/2026,04/14/2026,10:00AM,12:00PM,Worked with community members on the planned activity and checked in with the site coordinator afterward.,No,Time,,4.00,,,,5,Yes,Riley Adams,riley.adams@example.org,,Verified,Riley Adams,,04/16/2026,,,0,,,,"Demo Program,Class of 2028",,,,,,"Food Access,Civic Engagement","Food Access,Civic Engagement",2007-05-15,unspecified,,Demo City,TN,37000,,,,Riley Adams,
9900100,01/15/2026,9100005,Elena ( Elena ),Park,elena.park@example.edu,,B9001005,,1,Economics,,,,,,0000-00-00,,Sophomore,,0000-00-00,,2028-05-14,1,Student,,,Casey Lee,86.975,208961,Demo Tutoring Center,,After-School Tutoring,,,,,,,Demo Program,,Timespan,01/15/2026,01/15/2026,10:00AM,12:00PM,,No,Time,,2.50,,,,,Yes,Casey Lee,casey.lee@example.org,,Verified,Casey Lee,,01/17/2026,,,0,,,,"Demo Program,Class of 2028",,,,,,"Education,Youth","Education,Youth",2007-05-15,unspecified,,Demo City,TN,37000,,,,Casey Lee,
9900101,01/24/2026,9100005,Elena ( Elena ),Park,elena.park@example.edu,,B9001005,,1,Economics,,,,,,0000-00-00,,Sophomore,,0000-00-00,,2028-05-14,1,Student,,,Morgan Blake,139.160,436923,Demo Neighborhood Garden,,Garden Workday,,,,,,,Demo Program,,Timespan,01/24/2026,01/24/2026,10:00AM,12:00PM,Completed the shift and learned more about how the partner organizes recurring volunteer roles.,No,Time,,4.00,,,,5,Yes,Morgan Blake,morgan.blake@example.org,,Verified,Morgan Blake,,01/26/2026,,,0,,,,"Demo Program,Class of 2028",,,,,,"Environment,Community","Environment,Community",2007-05-15,unspecified,,Demo City,TN,37000,,,,Morgan Blake,
9900102,02/02/2026,9100005,Elena ( Elena ),Park,elena.park@example.edu,,B9001005,,1,Economics,,,,,,0000-00-00,,Sophomore,,0000-00-00,,2028-05-14,1,Student,,,Alex Harper,139.160,481971,Demo Senior Center,,Resident Activities,,,,,,,Demo Program,,Timespan,02/02/2026,02/02/2026,10:00AM,12:00PM,"Helped set up the service area, supported participants, and documented next steps for the team.",No,Time,,4.00,,,,,Yes,Alex Harper,alex.harper@example.org,,Verified,Alex Harper,,02/04/2026,,,0,,,,"Demo Program,Class of 2028",,,,,,"Aging,Community","Aging,Community",2007-05-15,unspecified,,Demo City,TN,37000,,,,Alex Harper,
9900103,02/11/2026,9100005,Elena ( Elena ),Park,elena.park@example.edu,,B9001005,,1,Economics,,,,,,0000-00-00,,Sophomore,,0000-00-00,,2028-05-14,1,Student,,,Riley Adams,86.975,208946,Demo Community Kitchen,,Meal Prep Shift,,,,,,,Demo Program,,Timespan,02/11/2026,02/11/2026,10:00AM,12:00PM,Worked with community members on the planned activity and checked in with the site coordinator afterward.,No,Time,,2.50,,,,5,Yes,Riley Adams,riley.adams@example.org,,Pending,,,,,,0,,,,"Demo Program,Class of 2028",,,,,,"Food Access,Civic Engagement","Food Access,Civic Engagement",2007-05-15,unspecified,,Demo City,TN,37000,,,,,
9900104,02/20/2026,9100005,Elena ( Elena ),Park,elena.park@example.edu,,B9001005,,1,Economics,,,,,,0000-00-00,,Sophomore,,0000-00-00,,2028-05-14,1,Student,,,Casey Lee,139.160,208961,Demo Tutoring Center,,After-School Tutoring,,,,,,,Demo Program,,Timespan,02/20/2026,02/20/2026,10:00AM,12:00PM,,No,Time,,4.00,,,,,Yes,Casey Lee,casey.lee@example.org,,Verified,Casey Lee,,02/22/2026,,,0,,,,"Demo Program,Class of 2028",,,,,,"Education,Youth","Education,Youth",2007-05-15,unspecified,,Demo City,TN,37000,,,,Casey Lee,
9900105,03/01/2026,9100005,Elena ( Elena ),Park,elena.park@example.edu,,B9001005,,1,Economics,,,,,,0000-00-00,,Sophomore,,0000-00-00,,2028-05-14,1,Student,,,Morgan Blake,139.160,436923,Demo Neighborhood Garden,,Garden Workday,,,,,,,Demo Program,,Timespan,03/01/2026,03/01/2026,10:00AM,12:00PM,Completed the shift and learned more about how the partner organizes recurring volunteer roles.,No,Time,,4.00,,,,5,Yes,Morgan Blake,morgan.blake@example.org,,Verified,Morgan Blake,,03/03/2026,,,0,,,,"Demo Program,Class of 2028",,,,,,"Environment,Community","Environment,Community",2007-05-15,unspecified,,Demo City,TN,37000,,,,Morgan Blake,
9900106,03/10/2026,9100005,Elena ( Elena ),Park,elena.park@example.edu,,B9001005,,1,Economics,,,,,,0000-00-00,,Sophomore,,0000-00-00,,2028-05-14,1,Student,,,Alex Harper,86.975,481971,Demo Senior Center,,Resident Activities,,,,,,,Demo Program,,Timespan,03/10/2026,03/10/2026,10:00AM,12:00PM,"Helped set up the service area, supported participants, and documented next steps for the team.",No,Time,,2.50,,,,,Yes,Alex Harper,alex.harper@example.org,,Verified,Alex Harper,,03/12/2026,,,0,,,,"Demo Program,Class of 2028",,,,,,"Aging,Community","Aging,Community",2007-05-15,unspecified,,Demo City,TN,37000,,,,Alex Harper,
9900107,03/19/2026,9100005,Elena ( Elena ),Park,elena.park@example.edu,,B9001005,,1,Economics,,,,,,0000-00-00,,Sophomore,,0000-00-00,,2028-05-14,1,Student,,,Riley Adams,139.160,208946,Demo Community Kitchen,,Meal Prep Shift,,,,,,,Demo Program,,Timespan,03/19/2026,03/19/2026,10:00AM,12:00PM,Worked with community members on the planned activity and checked in with the site coordinator afterward.,No,Time,,4.00,,,,5,Yes,Riley Adams,riley.adams@example.org,,Verified,Riley Adams,,03/21/2026,,,0,,,,"Demo Program,Class of 2028",,,,,,"Food Access,Civic Engagement","Food Access,Civic Engagement",2007-05-15,unspecified,,Demo City,TN,37000,,,,Riley Adams,
9900108,03/28/2026,9100005,Elena ( Elena ),Park,elena.park@example.edu,,B9001005,,1,Economics,,,,,,0000-00-00,,Sophomore,,0000-00-00,,2028-05-14,1,Student,,,Casey Lee,139.160,208961,Demo Tutoring Center,,After-School Tutoring,,,,,,,Demo Program,,Timespan,03/28/2026,03/28/2026,10:00AM,12:00PM,,No,Time,,4.00,,,,,Yes,Casey Lee,casey.lee@example.org,,Pending,,,,,,0,,,,"Demo Program,Class of 2028",,,,,,"Education,Youth","Education,Youth",2007-05-15,unspecified,,Demo City,TN,37000,,,,,
9900109,04/06/2026,9100005,Elena ( Elena ),Park,elena.park@example.edu,,B9001005,,1,Economics,,,,,,0000-00-00,,Sophomore,,0000-00-00,,2028-05-14,1,Student,,,Morgan Blake,86.975,436923,Demo Neighborhood Garden,,Garden Workday,,,,,,,Demo Program,,Timespan,04/06/2026,04/06/2026,10:00AM,12:00PM,Completed the shift and learned more about how the partner organizes recurring volunteer roles.,No,Time,,2.50,,,,5,Yes,Morgan Blake,morgan.blake@example.org,,Verified,Morgan Blake,,04/08/2026,,,0,,,,"Demo Program,Class of 2028",,,,,,"Environment,Community","Environment,Community",2007-05-15,unspecified,,Demo City,TN,37000,,,,Morgan Blake,
9900110,04/15/2026,9100005,Elena ( Elena ),Park,elena.park@example.edu,,B9001005,,1,Economics,,,,,,0000-00-00,,Sophomore,,0000-00-00,,2028-05-14,1,Student,,,Alex Harper,139.160,481971,Demo Senior Center,,Resident Activities,,,,,,,Demo Program,,Timespan,04/15/2026,04/15/2026,10:00AM,12:00PM,"Helped set up the service area, supported participants, and documented next steps for the team.",No,Time,,4.00,,,,,Yes,Alex Harper,alex.harper@example.org,,Verified,Alex Harper,,04/17/2026,,,0,,,,"Demo Program,Class of 2028",,,,,,"Aging,Community","Aging,Community",2007-05-15,unspecified,,Demo City,TN,37000,,,,Alex Harper,
9900111,01/16/2026,9100005,Elena ( Elena ),Park,elena.park@example.edu,,B9001005,,1,Economics,,,,,,0000-00-00,,Sophomore,,0000-00-00,,2028-05-14,1,Student,,,Riley Adams,17.395,208946,Demo Community Kitchen,,Meal Prep Shift,,,,,,,Demo Program,,Timespan,01/16/2026,01/16/2026,10:00AM,12:00PM,Worked with community members on the planned activity and checked in with the site coordinator afterward.,No,Time,,0.50,,,,5,Yes,Riley Adams,riley.adams@example.org,,Verified,Riley Adams,,01/18/2026,,,0,,,,"Demo Program,Class of 2028",,,,,,"Food Access,Civic Engagement","Food Access,Civic Engagement",2007-05-15,unspecified,,Demo City,TN,37000,,,,Riley Adams,
9900112,01/25/2026,9100006,Sam ( Sam ),Patel,sam.patel@example.edu,,B9001006,,1,Psychology,,,,,,0000-00-00,,Sophomore,,0000-00-00,,2028-05-14,1,Student,,,Casey Lee,86.975,208961,Demo Tutoring Center,,After-School Tutoring,,,,,,,Demo Program,,Timespan,01/25/2026,01/25/2026,10:00AM,12:00PM,,No,Time,,2.50,,,,5,Yes,Casey Lee,casey.lee@example.org,,Verified,Casey Lee,,01/27/2026,,,0,,,,"Demo Program,Class of 2028",,,,,,"Education,Youth","Education,Youth",2003-06-15,unspecified,,Demo City,TN,37000,,,,Casey Lee,
9900113,02/03/2026,9100006,Sam ( Sam ),Patel,sam.patel@example.edu,,B9001006,,1,Psychology,,,,,,0000-00-00,,Sophomore,,0000-00-00,,2028-05-14,1,Student,,,Morgan Blake,139.160,436923,Demo Neighborhood Garden,,Garden Workday,,,,,,,Demo Program,,Timespan,02/03/2026,02/03/2026,10:00AM,12:00PM,Completed the shift and learned more about how the partner organizes recurring volunteer roles.,No,Time,,4.00,,,,,Yes,Morgan Blake,morgan.blake@example.org,,Verified,Morgan Blake,,02/05/2026,,,0,,,,"Demo Program,Class of 2028",,,,,,"Environment,Community","Environment,Community",2003-06-15,unspecified,,Demo City,TN,37000,,,,Morgan Blake,
9900114,02/12/2026,9100006,Sam ( Sam ),Patel,sam.patel@example.edu,,B9001006,,1,Psychology,,,,,,0000-00-00,,Sophomore,,0000-00-00,,2028-05-14,1,Student,,,Alex Harper,139.160,481971,Demo Senior Center,,Resident Activities,,,,,,,Demo Program,,Timespan,02/12/2026,02/12/2026,10:00AM,12:00PM,"Helped set up the service area, supported participants, and documented next steps for the team.",No,Time,,4.00,,,,5,Yes,Alex Harper,alex.harper@example.org,,Verified,Alex Harper,,02/14/2026,,,0,,,,"Demo Program,Class of 2028",,,,,,"Aging,Community","Aging,Community",2003-06-15,unspecified,,Demo City,TN,37000,,,,Alex Harper,
9900115,02/21/2026,9100006,Sam ( Sam ),Patel,sam.patel@example.edu,,B9001006,,1,Psychology,,,,,,0000-00-00,,Sophomore,,0000-00-00,,2028-05-14,1,Student,,,Riley Adams,86.975,208946,Demo Community Kitchen,,Meal Prep Shift,,,,,,,Demo Program,,Timespan,02/21/2026,02/21/2026,10:00AM,12:00PM,Worked with community members on the planned activity and checked in with the site coordinator afterward.,No,Time,,2.50,,,,,Yes,Riley Adams,riley.adams@example.org,,Verified,Riley Adams,,02/23/2026,,,0,,,,"Demo Program,Class of 2028",,,,,,"Food Access,Civic Engagement","Food Access,Civic Engagement",2003-06-15,unspecified,,Demo City,TN,37000,,,,Riley Adams,
9900116,03/02/2026,9100006,Sam ( Sam ),Patel,sam.patel@example.edu,,B9001006,,1,Psychology,,,,,,0000-00-00,,Sophomore,,0000-00-00,,2028-05-14,1,Student,,,Casey Lee,139.160,208961,Demo Tutoring Center,,After-School Tutoring,,,,,,,Demo Program,,Timespan,03/02/2026,03/02/2026,10:00AM,12:00PM,,No,Time,,4.00,,,,5,Yes,Casey Lee,casey.lee@example.org,,Pending,,,,,,0,,,,"Demo Program,Class of 2028",,,,,,"Education,Youth","Education,Youth",2003-06-15,unspecified,,Demo City,TN,37000,,,,,
9900117,03/11/2026,9100006,Sam ( Sam ),Patel,sam.patel@example.edu,,B9001006,,1,Psychology,,,,,,0000-00-00,,Sophomore,,0000-00-00,,2028-05-14,1,Student,,,Morgan Blake,139.160,436923,Demo Neighborhood Garden,,Garden Workday,,,,,,,Demo Program,,Timespan,03/11/2026,03/11/2026,10:00AM,12:00PM,Completed the shift and learned more about how the partner organizes recurring volunteer roles.,No,Time,,4.00,,,,,Yes,Morgan Blake,morgan.blake@example.org,,Verified,Morgan Blake,,03/13/2026,,,0,,,,"Demo Program,Class of 2028",,,,,,"Environment,Community","Environment,Community",2003-06-15,unspecified,,Demo City,TN,37000,,,,Morgan Blake,
9900118,03/20/2026,9100006,Sam ( Sam ),Patel,sam.patel@example.edu,,B9001006,,1,Psychology,,,,,,0000-00-00,,Sophomore,,0000-00-00,,2028-05-14,1,Student,,,Alex Harper,86.975,481971,Demo Senior Center,,Resident Activities,,,,,,,Demo Program,,Timespan,03/20/2026,03/20/2026,10:00AM,12:00PM,"Helped set up the service area, supported participants, and documented next steps for the team.",No,Time,,2.50,,,,5,Yes,Alex Harper,alex.harper@example.org,,Verified,Alex Harper,,03/22/2026,,,0,,,,"Demo Program,Class of 2028",,,,,,"Aging,Community","Aging,Community",2003-06-15,unspecified,,Demo City,TN,37000,,,,Alex Harper,
9900119,03/29/2026,9100006,Sam ( Sam ),Patel,sam.patel@example.edu,,B9001006,,1,Psychology,,,,,,0000-00-00,,Sophomore,,0000-00-00,,2028-05-14,1,Student,,,Riley Adams,139.160,208946,Demo Community Kitchen,,Meal Prep Shift,,,,,,,Demo Program,,Timespan,03/29/2026,03/29/2026,10:00AM,12:00PM,Worked with community members on the planned activity and checked in with the site coordinator afterward.,No,Time,,4.00,,,,,Yes,Riley Adams,riley.adams@example.org,,Verified,Riley Adams,,03/31/2026,,,0,,,,"Demo Program,Class of 2028",,,,,,"Food Access,Civic Engagement","Food Access,Civic Engagement",2003-06-15,unspecified,,Demo City,TN,37000,,,,Riley Adams,
9900120,04/07/2026,9100006,Sam ( Sam ),Patel,sam.patel@example.edu,,B9001006,,1,Psychology,,,,,,0000-00-00,,Sophomore,,0000-00-00,,2028-05-14,1,Student,,,Casey Lee,139.160,208961,Demo Tutoring Center,,After-School Tutoring,,,,,,,Demo Program,,Timespan,04/07/2026,04/07/2026,10:00AM,12:00PM,,No,Time,,4.00,,,,5,Yes,Casey Lee,casey.lee@example.org,,Verified,Casey Lee,,04/09/2026,,,0,,,,"Demo Program,Class of 2028",,,,,,"Education,Youth","Education,Youth",2003-06-15,unspecified,,Demo City,TN,37000,,,,Casey Lee,
9900121,04/16/2026,9100006,Sam ( Sam ),Patel,sam.patel@example.edu,,B9001006,,1,Psychology,,,,,,0000-00-00,,Sophomore,,0000-00-00,,2028-05-14,1,Student,,,Morgan Blake,86.975,436923,Demo Neighborhood Garden,,Garden Workday,,,,,,,Demo Program,,Timespan,04/16/2026,04/16/2026,10:00AM,12:00PM,Completed the shift and learned more about how the partner organizes recurring volunteer roles.,No,Time,,2.50,,,,,Yes,Morgan Blake,morgan.blake@example.org,,Pending,,,,,,0,,,,"Demo Program,Class of 2028",,,,,,"Environment,Community","Environment,Community",2003-06-15,unspecified,,Demo City,TN,37000,,,,,
9900122,01/17/2026,9100006,Sam ( Sam ),Patel,sam.patel@example.edu,,B9001006,,1,Psychology,,,,,,0000-00-00,,Sophomore,,0000-00-00,,2028-05-14,1,Student,,,Alex Harper,139.160,481971,Demo Senior Center,,Resident Activities,,,,,,,Demo Program,,Timespan,01/17/2026,01/17/2026,10:00AM,12:00PM,"Helped set up the service area, supported participants, and documented next steps for the team.",No,Time,,4.00,,,,5,Yes,Alex Harper,alex.harper@example.org,,Verified,Alex Harper,,01/19/2026,,,0,,,,"Demo Program,Class of 2028",,,,,,"Aging,Community","Aging,Community",2003-06-15,unspecified,,Demo City,TN,37000,,,,Alex Harper,
9900123,01/26/2026,9100006,Sam ( Sam ),Patel,sam.patel@example.edu,,B9001006,,1,Psychology,,,,,,0000-00-00,,Sophomore,,0000-00-00,,2028-05-14,1,Student,,,Riley Adams,139.160,208946,Demo Community Kitchen,,Meal Prep Shift,,,,,,,Demo Program,,Timespan,01/26/2026,01/26/2026,10:00AM,12:00PM,Worked with community members on the planned activity and checked in with the site coordinator afterward.,No,Time,,4.00,,,,,Yes,Riley Adams,riley.adams@example.org,,Verified,Riley Adams,,01/28/2026,,,0,,,,"Demo Program,Class of 2028",,,,,,"Food Access,Civic Engagement","Food Access,Civic Engagement",2003-06-15,unspecified,,Demo City,TN,37000,,,,Riley Adams,
9900124,02/04/2026,9100006,Sam ( Sam ),Patel,sam.patel@example.edu,,B9001006,,1,Psychology,,,,,,0000-00-00,,Sophomore,,0000-00-00,,2028-05-14,1,Student,,,Casey Lee,86.975,208961,Demo Tutoring Center,,After-School Tutoring,,,,,,,Demo Program,,Timespan,02/04/2026,02/04/2026,10:00AM,12:00PM,,No,Time,,2.50,,,,5,Yes,Casey Lee,casey.lee@example.org,,Verified,Casey Lee,,02/06/2026,,,0,,,,"Demo Program,Class of 2028",,,,,,"Education,Youth","Education,Youth",2003-06-15,unspecified,,Demo City,TN,37000,,,,Casey Lee,
9900125,02/13/2026,9100006,Sam ( Sam ),Patel,sam.patel@example.edu,,B9001006,,1,Psychology,,,,,,0000-00-00,,Sophomore,,0000-00-00,,2028-05-14,1,Student,,,Morgan Blake,139.160,436923,Demo Neighborhood Garden,,Garden Workday,,,,,,,Demo Program,,Timespan,02/13/2026,02/13/2026,10:00AM,12:00PM,Completed the shift and learned more about how the partner organizes recurring volunteer roles.,No,Time,,4.00,,,,,Yes,Morgan Blake,morgan.blake@example.org,,Verified,Morgan Blake,,02/15/2026,,,0,,,,"Demo Program,Class of 2028",,,,,,"Environment,Community","Environment,Community",2003-06-15,unspecified,,Demo City,TN,37000,,,,Morgan Blake,
9900126,02/22/2026,9100006,Sam ( Sam ),Patel,sam.patel@example.edu,,B9001006,,1,Psychology,,,,,,0000-00-00,,Sophomore,,0000-00-00,,2028-05-14,1,Student,,,Alex Harper,139.160,481971,Demo Senior Center,,Resident Activities,,,,,,,Demo Program,,Timespan,02/22/2026,02/22/2026,10:00AM,12:00PM,"Helped set up the service area, supported participants, and documented next steps for the team.",No,Time,,4.00,,,,5,Yes,Alex Harper,alex.harper@example.org,,Pending,,,,,,0,,,,"Demo Program,Class of 2028",,,,,,"Aging,Community","Aging,Community",2003-06-15,unspecified,,Demo City,TN,37000,,,,,
9900127,03/03/2026,9100006,Sam ( Sam ),Patel,sam.patel@example.edu,,B9001006,,1,Psychology,,,,,,0000-00-00,,Sophomore,,0000-00-00,,2028-05-14,1,Student,,,Riley Adams,86.975,208946,Demo Community Kitchen,,Meal Prep Shift,,,,,,,Demo Program,,Timespan,03/03/2026,03/03/2026,10:00AM,12:00PM,Worked with community members on the planned activity and checked in with the site coordinator afterward.,No,Time,,2.50,,,,,Yes,Riley Adams,riley.adams@example.org,,Verified,Riley Adams,,03/05/2026,,,0,,,,"Demo Program,Class of 2028",,,,,,"Food Access,Civic Engagement","Food Access,Civic Engagement",2003-06-15,unspecified,,Demo City,TN,37000,,,,Riley Adams,
9900128,03/12/2026,9100006,Sam ( Sam ),Patel,sam.patel@example.edu,,B9001006,,1,Psychology,,,,,,0000-00-00,,Sophomore,,0000-00-00,,2028-05-14,1,Student,,,Casey Lee,139.160,208961,Demo Tutoring Center,,After-School Tutoring,,,,,,,Demo Program,,Timespan,03/12/2026,03/12/2026,10:00AM,12:00PM,,No,Time,,4.00,,,,5,Yes,Casey Lee,casey.lee@example.org,,Verified,Casey Lee,,03/14/2026,,,0,,,,"Demo Program,Class of 2028",,,,,,"Education,Youth","Education,Youth",2003-06-15,unspecified,,Demo City,TN,37000,,,,Casey Lee,
9900129,03/21/2026,9100006,Sam ( Sam ),Patel,sam.patel@example.edu,,B9001006,,1,Psychology,,,,,,0000-00-00,,Sophomore,,0000-00-00,,2028-05-14,1,Student,,,Morgan Blake,104.370,436923,Demo Neighborhood Garden,,Garden Workday,,,,,,,Demo Program,,Timespan,03/21/2026,03/21/2026,10:00AM,12:00PM,Completed the shift and learned more about how the partner organizes recurring volunteer roles.,No,Time,,3.00,,,,,Yes,Morgan Blake,morgan.blake@example.org,,Verified,Morgan Blake,,03/23/2026,,,0,,,,"Demo Program,Class of 2028",,,,,,"Environment,Community","Environment,Community",2003-06-15,unspecified,,Demo City,TN,37000,,,,Morgan Blake,
9900130,01/31/2026,9100008,Lena ( Lena ),Martinez,lena.martinez@example.edu,,B9001008,,1,Biology,,,,,,0000-00-00,,First Year,,0000-00-00,,2029-05-13,1,Student,,,Alex Harper,86.975,481971,Demo Senior Center,,Resident Activities,,,,,,,Demo Program,,Timespan,01/31/2026,01/31/2026,10:00AM,12:00PM,"Helped set up the service area, supported participants, and documented next steps for the team.",No,Time,,2.50,,,,5,Yes,Alex Harper,alex.harper@example.org,,Verified,Alex Harper,,02/02/2026,,,0,,,,"Demo Program,Class of 2029",,,,,,"Aging,Community","Aging,Community",2005-08-15,unspecified,,Demo City,TN,37000,,,,Alex Harper,
9900131,02/09/2026,9100008,Lena ( Lena ),Martinez,lena.martinez@example.edu,,B9001008,,1,Biology,,,,,,0000-00-00,,First Year,,0000-00-00,,2029-05-13,1,Student,,,Riley Adams,139.160,208946,Demo Community Kitchen,,Meal Prep Shift,,,,,,,Demo Program,,Timespan,02/09/2026,02/09/2026,10:00AM,12:00PM,Worked with community members on the planned activity and checked in with the site coordinator afterward.,No,Time,,4.00,,,,,Yes,Riley Adams,riley.adams@example.org,,Verified,Riley Adams,,02/11/2026,,,0,,,,"Demo Program,Class of 2029",,,,,,"Food Access,Civic Engagement","Food Access,Civic Engagement",2005-08-15,unspecified,,Demo City,TN,37000,,,,Riley Adams,
9900132,02/18/2026,9100008,Lena ( Lena ),Martinez,lena.martinez@example.edu,,B9001008,,1,Biology,,,,,,0000-00-00,,First Year,,0000-00-00,,2029-05-13,1,Student,,,Casey Lee,139.160,208961,Demo Tutoring Center,,After-School Tutoring,,,,,,,Demo Program,,Timespan,02/18/2026,02/18/2026,10:00AM,12:00PM,,No,Time,,4.00,,,,5,Yes,Casey Lee,casey.lee@example.org,,Verified,Casey Lee,,02/20/2026,,,0,,,,"Demo Program,Class of 2029",,,,,,"Education,Youth","Education,Youth",2005-08-15,unspecified,,Demo City,TN,37000,,,,Casey Lee,
9900133,02/27/2026,9100008,Lena ( Lena ),Martinez,lena.martinez@example.edu,,B9001008,,1,Biology,,,,,,0000-00-00,,First Year,,0000-00-00,,2029-05-13,1,Student,,,Morgan Blake,86.975,436923,Demo Neighborhood Garden,,Garden Workday,,,,,,,Demo Program,,Timespan,02/27/2026,02/27/2026,10:00AM,12:00PM,Completed the shift and learned more about how the partner organizes recurring volunteer roles.,No,Time,,2.50,,,,,Yes,Morgan Blake,morgan.blake@example.org,,Verified,Morgan Blake,,03/01/2026,,,0,,,,"Demo Program,Class of 2029",,,,,,"Environment,Community","Environment,Community",2005-08-15,unspecified,,Demo City,TN,37000,,,,Morgan Blake,
9900134,03/08/2026,9100008,Lena ( Lena ),Martinez,lena.martinez@example.edu,,B9001008,,1,Biology,,,,,,0000-00-00,,First Year,,0000-00-00,,2029-05-13,1,Student,,,Alex Harper,139.160,481971,Demo Senior Center,,Resident Activities,,,,,,,Demo Program,,Timespan,03/08/2026,03/08/2026,10:00AM,12:00PM,"Helped set up the service area, supported participants, and documented next steps for the team.",No,Time,,4.00,,,,5,Yes,Alex Harper,alex.harper@example.org,,Pending,,,,,,0,,,,"Demo Program,Class of 2029",,,,,,"Aging,Community","Aging,Community",2005-08-15,unspecified,,Demo City,TN,37000,,,,,
9900135,03/17/2026,9100008,Lena ( Lena ),Martinez,lena.martinez@example.edu,,B9001008,,1,Biology,,,,,,0000-00-00,,First Year,,0000-00-00,,2029-05-13,1,Student,,,Riley Adams,139.160,208946,Demo Community Kitchen,,Meal Prep Shift,,,,,,,Demo Program,,Timespan,03/17/2026,03/17/2026,10:00AM,12:00PM,Worked with community members on the planned activity and checked in with the site coordinator afterward.,No,Time,,4.00,,,,,Yes,Riley Adams,riley.adams@example.org,,Verified,Riley Adams,,03/19/2026,,,0,,,,"Demo Program,Class of 2029",,,,,,"Food Access,Civic Engagement","Food Access,Civic Engagement",2005-08-15,unspecified,,Demo City,TN,37000,,,,Riley Adams,
9900136,03/26/2026,9100008,Lena ( Lena ),Martinez,lena.martinez@example.edu,,B9001008,,1,Biology,,,,,,0000-00-00,,First Year,,0000-00-00,,2029-05-13,1,Student,,,Casey Lee,86.975,208961,Demo Tutoring Center,,After-School Tutoring,,,,,,,Demo Program,,Timespan,03/26/2026,03/26/2026,10:00AM,12:00PM,,No,Time,,2.50,,,,5,Yes,Casey Lee,casey.lee@example.org,,Verified,Casey Lee,,03/28/2026,,,0,,,,"Demo Program,Class of 2029",,,,,,"Education,Youth","Education,Youth",2005-08-15,unspecified,,Demo City,TN,37000,,,,Casey Lee,
9900137,04/04/2026,9100008,Lena ( Lena ),Martinez,lena.martinez@example.edu,,B9001008,,1,Biology,,,,,,0000-00-00,,First Year,,0000-00-00,,2029-05-13,1,Student,,,Morgan Blake,139.160,436923,Demo Neighborhood Garden,,Garden Workday,,,,,,,Demo Program,,Timespan,04/04/2026,04/04/2026,10:00AM,12:00PM,Completed the shift and learned more about how the partner organizes recurring volunteer roles.,No,Time,,4.00,,,,,Yes,Morgan Blake,morgan.blake@example.org,,Verified,Morgan Blake,,04/06/2026,,,0,,,,"Demo Program,Class of 2029",,,,,,"Environment,Community","Environment,Community",2005-08-15,unspecified,,Demo City,TN,37000,,,,Morgan Blake,
9900138,04/13/2026,9100008,Lena ( Lena ),Martinez,lena.martinez@example.edu,,B9001008,,1,Biology,,,,,,0000-00-00,,First Year,,0000-00-00,,2029-05-13,1,Student,,,Alex Harper,139.160,481971,Demo Senior Center,,Resident Activities,,,,,,,Demo Program,,Timespan,04/13/2026,04/13/2026,10:00AM,12:00PM,"Helped set up the service area, supported participants, and documented next steps for the team.",No,Time,,4.00,,,,5,Yes,Alex Harper,alex.harper@example.org,,Verified,Alex Harper,,04/15/2026,,,0,,,,"Demo Program,Class of 2029",,,,,,"Aging,Community","Aging,Community",2005-08-15,unspecified,,Demo City,TN,37000,,,,Alex Harper,
9900139,01/14/2026,9100008,Lena ( Lena ),Martinez,lena.martinez@example.edu,,B9001008,,1,Biology,,,,,,0000-00-00,,First Year,,0000-00-00,,2029-05-13,1,Student,,,Riley Adams,86.975,208946,Demo Community Kitchen,,Meal Prep Shift,,,,,,,Demo Program,,Timespan,01/14/2026,01/14/2026,10:00AM,12:00PM,Worked with community members on the planned activity and checked in with the site coordinator afterward.,No,Time,,2.50,,,,,Yes,Riley Adams,riley.adams@example.org,,Pending,,,,,,0,,,,"Demo Program,Class of 2029",,,,,,"Food Access,Civic Engagement","Food Access,Civic Engagement",2005-08-15,unspecified,,Demo City,TN,37000,,,,,
9900140,01/23/2026,9100008,Lena ( Lena ),Martinez,lena.martinez@example.edu,,B9001008,,1,Biology,,,,,,0000-00-00,,First Year,,0000-00-00,,2029-05-13,1,Student,,,Casey Lee,139.160,208961,Demo Tutoring Center,,After-School Tutoring,,,,,,,Demo Program,,Timespan,01/23/2026,01/23/2026,10:00AM,12:00PM,,No,Time,,4.00,,,,5,Yes,Casey Lee,casey.lee@example.org,,Verified,Casey Lee,,01/25/2026,,,0,,,,"Demo Program,Class of 2029",,,,,,"Education,Youth","Education,Youth",2005-08-15,unspecified,,Demo City,TN,37000,,,,Casey Lee,
9900141,02/01/2026,9100008,Lena ( Lena ),Martinez,lena.martinez@example.edu,,B9001008,,1,Biology,,,,,,0000-00-00,,First Year,,0000-00-00,,2029-05-13,1,Student,,,Morgan Blake,139.160,436923,Demo Neighborhood Garden,,Garden Workday,,,,,,,Demo Program,,Timespan,02/01/2026,02/01/2026,10:00AM,12:00PM,Completed the shift and learned more about how the partner organizes recurring volunteer roles.,No,Time,,4.00,,,,,Yes,Morgan Blake,morgan.blake@example.org,,Verified,Morgan Blake,,02/03/2026,,,0,,,,"Demo Program,Class of 2029",,,,,,"Environment,Community","Environment,Community",2005-08-15,unspecified,,Demo City,TN,37000,,,,Morgan Blake,
9900142,02/10/2026,9100008,Lena ( Lena ),Martinez,lena.martinez@example.edu,,B9001008,,1,Biology,,,,,,0000-00-00,,First Year,,0000-00-00,,2029-05-13,1,Student,,,Alex Harper,86.975,481971,Demo Senior Center,,Resident Activities,,,,,,,Demo Program,,Timespan,02/10/2026,02/10/2026,10:00AM,12:00PM,"Helped set up the service area, supported participants, and documented next steps for the team.",No,Time,,2.50,,,,5,Yes,Alex Harper,alex.harper@example.org,,Verified,Alex Harper,,02/12/2026,,,0,,,,"Demo Program,Class of 2029",,,,,,"Aging,Community","Aging,Community",2005-08-15,unspecified,,Demo City,TN,37000,,,,Alex Harper,
9900143,02/19/2026,9100008,Lena ( Lena ),Martinez,lena.martinez@example.edu,,B9001008,,1,Biology,,,,,,0000-00-00,,First Year,,0000-00-00,,2029-05-13,1,Student,,,Riley Adams,139.160,208946,Demo Community Kitchen,,Meal Prep Shift,,,,,,,Demo Program,,Timespan,02/19/2026,02/19/2026,10:00AM,12:00PM,Worked with community members on the planned activity and checked in with the site coordinator afterward.,No,Time,,4.00,,,,,Yes,Riley Adams,riley.adams@example.org,,Verified,Riley Adams,,02/21/2026,,,0,,,,"Demo Program,Class of 2029",,,,,,"Food Access,Civic Engagement","Food Access,Civic Engagement",2005-08-15,unspecified,,Demo City,TN,37000,,,,Riley Adams,
9900144,02/28/2026,9100008,Lena ( Lena ),Martinez,lena.martinez@example.edu,,B9001008,,1,Biology,,,,,,0000-00-00,,First Year,,0000-00-00,,2029-05-13,1,Student,,,Casey Lee,139.160,208961,Demo Tutoring Center,,After-School Tutoring,,,,,,,Demo Program,,Timespan,02/28/2026,02/28/2026,10:00AM,12:00PM,,No,Time,,4.00,,,,5,Yes,Casey Lee,casey.lee@example.org,,Pending,,,,,,0,,,,"Demo Program,Class of 2029",,,,,,"Education,Youth","Education,Youth",2005-08-15,unspecified,,Demo City,TN,37000,,,,,
9900145,03/09/2026,9100008,Lena ( Lena ),Martinez,lena.martinez@example.edu,,B9001008,,1,Biology,,,,,,0000-00-00,,First Year,,0000-00-00,,2029-05-13,1,Student,,,Morgan Blake,86.975,436923,Demo Neighborhood Garden,,Garden Workday,,,,,,,Demo Program,,Timespan,03/09/2026,03/09/2026,10:00AM,12:00PM,Completed the shift and learned more about how the partner organizes recurring volunteer roles.,No,Time,,2.50,,,,,Yes,Morgan Blake,morgan.blake@example.org,,Verified,Morgan Blake,,03/11/2026,,,0,,,,"Demo Program,Class of 2029",,,,,,"Environment,Community","Environment,Community",2005-08-15,unspecified,,Demo City,TN,37000,,,,Morgan Blake,
9900146,03/18/2026,9100008,Lena ( Lena ),Martinez,lena.martinez@example.edu,,B9001008,,1,Biology,,,,,,0000-00-00,,First Year,,0000-00-00,,2029-05-13,1,Student,,,Alex Harper,139.160,481971,Demo Senior Center,,Resident Activities,,,,,,,Demo Program,,Timespan,03/18/2026,03/18/2026,10:00AM,12:00PM,"Helped set up the service area, supported participants, and documented next steps for the team.",No,Time,,4.00,,,,5,Yes,Alex Harper,alex.harper@example.org,,Verified,Alex Harper,,03/20/2026,,,0,,,,"Demo Program,Class of 2029",,,,,,"Aging,Community","Aging,Community",2005-08-15,unspecified,,Demo City,TN,37000,,,,Alex Harper,
9900147,03/27/2026,9100008,Lena ( Lena ),Martinez,lena.martinez@example.edu,,B9001008,,1,Biology,,,,,,0000-00-00,,First Year,,0000-00-00,,2029-05-13,1,Student,,,Riley Adams,139.160,208946,Demo Community Kitchen,,Meal Prep Shift,,,,,,,Demo Program,,Timespan,03/27/2026,03/27/2026,10:00AM,12:00PM,Worked with community members on the planned activity and checked in with the site coordinator afterward.,No,Time,,4.00,,,,,Yes,Riley Adams,riley.adams@example.org,,Verified,Riley Adams,,03/29/2026,,,0,,,,"Demo Program,Class of 2029",,,,,,"Food Access,Civic Engagement","Food Access,Civic Engagement",2005-08-15,unspecified,,Demo City,TN,37000,,,,Riley Adams,
9900148,04/05/2026,9100008,Lena ( Lena ),Martinez,lena.martinez@example.edu,,B9001008,,1,Biology,,,,,,0000-00-00,,First Year,,0000-00-00,,2029-05-13,1,Student,,,Casey Lee,86.975,208961,Demo Tutoring Center,,After-School Tutoring,,,,,,,Demo Program,,Timespan,04/05/2026,04/05/2026,10:00AM,12:00PM,,No,Time,,2.50,,,,5,Yes,Casey Lee,casey.lee@example.org,,Verified,Casey Lee,,04/07/2026,,,0,,,,"Demo Program,Class of 2029",,,,,,"Education,Youth","Education,Youth",2005-08-15,unspecified,,Demo City,TN,37000,,,,Casey Lee,
9900149,04/14/2026,9100008,Lena ( Lena ),Martinez,lena.martinez@example.edu,,B9001008,,1,Biology,,,,,,0000-00-00,,First Year,,0000-00-00,,2029-05-13,1,Student,,,Morgan Blake,139.160,436923,Demo Neighborhood Garden,,Garden Workday,,,,,,,Demo Program,,Timespan,04/14/2026,04/14/2026,10:00AM,12:00PM,Completed the shift and learned more about how the partner organizes recurring volunteer roles.,No,Time,,4.00,,,,,Yes,Morgan Blake,morgan.blake@example.org,,Pending,,,,,,0,,,,"Demo Program,Class of 2029",,,,,,"Environment,Community","Environment,Community",2005-08-15,unspecified,,Demo City,TN,37000,,,,,
9900150,01/15/2026,9100008,Lena ( Lena ),Martinez,lena.martinez@example.edu,,B9001008,,1,Biology,,,,,,0000-00-00,,First Year,,0000-00-00,,2029-05-13,1,Student,,,Alex Harper,139.160,481971,Demo Senior Center,,Resident Activities,,,,,,,Demo Program,,Timespan,01/15/2026,01/15/2026,10:00AM,12:00PM,"Helped set up the service area, supported participants, and documented next steps for the team.",No,Time,,4.00,,,,5,Yes,Alex Harper,alex.harper@example.org,,Verified,Alex Harper,,01/17/2026,,,0,,,,"Demo Program,Class of 2029",,,,,,"Aging,Community","Aging,Community",2005-08-15,unspecified,,Demo City,TN,37000,,,,Alex Harper,
9900151,01/24/2026,9100008,Lena ( Lena ),Martinez,lena.martinez@example.edu,,B9001008,,1,Biology,,,,,,0000-00-00,,First Year,,0000-00-00,,2029-05-13,1,Student,,,Riley Adams,86.975,208946,Demo Community Kitchen,,Meal Prep Shift,,,,,,,Demo Program,,Timespan,01/24/2026,01/24/2026,10:00AM,12:00PM,Worked with community members on the planned activity and checked in with the site coordinator afterward.,No,Time,,2.50,,,,,Yes,Riley Adams,riley.adams@example.org,,Verified,Riley Adams,,01/26/2026,,,0,,,,"Demo Program,Class of 2029",,,,,,"Food Access,Civic Engagement","Food Access,Civic Engagement",2005-08-15,unspecified,,Demo City,TN,37000,,,,Riley Adams,
9900152,02/02/2026,9100008,Lena ( Lena ),Martinez,lena.martinez@example.edu,,B9001008,,1,Biology,,,,,,0000-00-00,,First Year,,0000-00-00,,2029-05-13,1,Student,,,Casey Lee,69.580,208961,Demo Tutoring Center,,After-School Tutoring,,,,,,,Demo Program,,Timespan,02/02/2026,02/02/2026,10:00AM,12:00PM,,No,Time,,2.00,,,,5,Yes,Casey Lee,casey.lee@example.org,,Verified,Casey Lee,,02/04/2026,,,0,,,,"Demo Program,Class of 2029",,,,,,"Education,Youth","Education,Youth",2005-08-15,unspecified,,Demo City,TN,37000,,,,Casey Lee,
9900153,02/03/2026,9100009,Marcus ( Marcus ),Reed,marcus.reed@example.edu,,B9001009,,1,Education Studies,,,,,,0000-00-00,,Sophomore,,0000-00-00,,2028-05-14,1,Student,,,Riley Adams,86.975,208946,Demo Community Kitchen,,Meal Prep Shift,,,,,,,Demo Program,,Timespan,02/03/2026,02/03/2026,10:00AM,12:00PM,Worked with community members on the planned activity and checked in with the site coordinator afterward.,No,Time,,2.50,,,,5,Yes,Riley Adams,riley.adams@example.org,,Verified,Riley Adams,,02/05/2026,,,0,,,,"Demo Program,Class of 2028",,,,,,"Food Access,Civic Engagement","Food Access,Civic Engagement",2006-09-15,unspecified,,Demo City,TN,37000,,,,Riley Adams,
9900154,02/12/2026,9100009,Marcus ( Marcus ),Reed,marcus.reed@example.edu,,B9001009,,1,Education Studies,,,,,,0000-00-00,,Sophomore,,0000-00-00,,2028-05-14,1,Student,,,Casey Lee,139.160,208961,Demo Tutoring Center,,After-School Tutoring,,,,,,,Demo Program,,Timespan,02/12/2026,02/12/2026,10:00AM,12:00PM,,No,Time,,4.00,,,,,Yes,Casey Lee,casey.lee@example.org,,Verified,Casey Lee,,02/14/2026,,,0,,,,"Demo Program,Class of 2028",,,,,,"Education,Youth","Education,Youth",2006-09-15,unspecified,,Demo City,TN,37000,,,,Casey Lee,
9900155,02/21/2026,9100009,Marcus ( Marcus ),Reed,marcus.reed@example.edu,,B9001009,,1,Education Studies,,,,,,0000-00-00,,Sophomore,,0000-00-00,,2028-05-14,1,Student,,,Morgan Blake,139.160,436923,Demo Neighborhood Garden,,Garden Workday,,,,,,,Demo Program,,Timespan,02/21/2026,02/21/2026,10:00AM,12:00PM,Completed the shift and learned more about how the partner organizes recurring volunteer roles.,No,Time,,4.00,,,,5,Yes,Morgan Blake,morgan.blake@example.org,,Verified,Morgan Blake,,02/23/2026,,,0,,,,"Demo Program,Class of 2028",,,,,,"Environment,Community","Environment,Community",2006-09-15,unspecified,,Demo City,TN,37000,,,,Morgan Blake,
9900156,03/02/2026,9100009,Marcus ( Marcus ),Reed,marcus.reed@example.edu,,B9001009,,1,Education Studies,,,,,,0000-00-00,,Sophomore,,0000-00-00,,2028-05-14,1,Student,,,Alex Harper,86.975,481971,Demo Senior Center,,Resident Activities,,,,,,,Demo Program,,Timespan,03/02/2026,03/02/2026,10:00AM,12:00PM,"Helped set up the service area, supported participants, and documented next steps for the team.",No,Time,,2.50,,,,,Yes,Alex Harper,alex.harper@example.org,,Verified,Alex Harper,,03/04/2026,,,0,,,,"Demo Program,Class of 2028",,,,,,"Aging,Community","Aging,Community",2006-09-15,unspecified,,Demo City,TN,37000,,,,Alex Harper,
9900157,03/11/2026,9100009,Marcus ( Marcus ),Reed,marcus.reed@example.edu,,B9001009,,1,Education Studies,,,,,,0000-00-00,,Sophomore,,0000-00-00,,2028-05-14,1,Student,,,Riley Adams,139.160,208946,Demo Community Kitchen,,Meal Prep Shift,,,,,,,Demo Program,,Timespan,03/11/2026,03/11/2026,10:00AM,12:00PM,Worked with community members on the planned activity and checked in with the site coordinator afterward.,No,Time,,4.00,,,,5,Yes,Riley Adams,riley.adams@example.org,,Pending,,,,,,0,,,,"Demo Program,Class of 2028",,,,,,"Food Access,Civic Engagement","Food Access,Civic Engagement",2006-09-15,unspecified,,Demo City,TN,37000,,,,,
9900158,03/20/2026,9100009,Marcus ( Marcus ),Reed,marcus.reed@example.edu,,B9001009,,1,Education Studies,,,,,,0000-00-00,,Sophomore,,0000-00-00,,2028-05-14,1,Student,,,Casey Lee,139.160,208961,Demo Tutoring Center,,After-School Tutoring,,,,,,,Demo Program,,Timespan,03/20/2026,03/20/2026,10:00AM,12:00PM,,No,Time,,4.00,,,,,Yes,Casey Lee,casey.lee@example.org,,Verified,Casey Lee,,03/22/2026,,,0,,,,"Demo Program,Class of 2028",,,,,,"Education,Youth","Education,Youth",2006-09-15,unspecified,,Demo City,TN,37000,,,,Casey Lee,
9900159,03/29/2026,9100009,Marcus ( Marcus ),Reed,marcus.reed@example.edu,,B9001009,,1,Education Studies,,,,,,0000-00-00,,Sophomore,,0000-00-00,,2028-05-14,1,Student,,,Morgan Blake,86.975,436923,Demo Neighborhood Garden,,Garden Workday,,,,,,,Demo Program,,Timespan,03/29/2026,03/29/2026,10:00AM,12:00PM,Completed the shift and learned more about how the partner organizes recurring volunteer roles.,No,Time,,2.50,,,,5,Yes,Morgan Blake,morgan.blake@example.org,,Verified,Morgan Blake,,03/31/2026,,,0,,,,"Demo Program,Class of 2028",,,,,,"Environment,Community","Environment,Community",2006-09-15,unspecified,,Demo City,TN,37000,,,,Morgan Blake,
9900160,04/07/2026,9100009,Marcus ( Marcus ),Reed,marcus.reed@example.edu,,B9001009,,1,Education Studies,,,,,,0000-00-00,,Sophomore,,0000-00-00,,2028-05-14,1,Student,,,Alex Harper,139.160,481971,Demo Senior Center,,Resident Activities,,,,,,,Demo Program,,Timespan,04/07/2026,04/07/2026,10:00AM,12:00PM,"Helped set up the service area, supported participants, and documented next steps for the team.",No,Time,,4.00,,,,,Yes,Alex Harper,alex.harper@example.org,,Verified,Alex Harper,,04/09/2026,,,0,,,,"Demo Program,Class of 2028",,,,,,"Aging,Community","Aging,Community",2006-09-15,unspecified,,Demo City,TN,37000,,,,Alex Harper,
9900161,04/16/2026,9100009,Marcus ( Marcus ),Reed,marcus.reed@example.edu,,B9001009,,1,Education Studies,,,,,,0000-00-00,,Sophomore,,0000-00-00,,2028-05-14,1,Student,,,Riley Adams,139.160,208946,Demo Community Kitchen,,Meal Prep Shift,,,,,,,Demo Program,,Timespan,04/16/2026,04/16/2026,10:00AM,12:00PM,Worked with community members on the planned activity and checked in with the site coordinator afterward.,No,Time,,4.00,,,,5,Yes,Riley Adams,riley.adams@example.org,,Verified,Riley Adams,,04/18/2026,,,0,,,,"Demo Program,Class of 2028",,,,,,"Food Access,Civic Engagement","Food Access,Civic Engagement",2006-09-15,unspecified,,Demo City,TN,37000,,,,Riley Adams,
9900162,01/17/2026,9100009,Marcus ( Marcus ),Reed,marcus.reed@example.edu,,B9001009,,1,Education Studies,,,,,,0000-00-00,,Sophomore,,0000-00-00,,2028-05-14,1,Student,,,Casey Lee,86.975,208961,Demo Tutoring Center,,After-School Tutoring,,,,,,,Demo Program,,Timespan,01/17/2026,01/17/2026,10:00AM,12:00PM,,No,Time,,2.50,,,,,Yes,Casey Lee,casey.lee@example.org,,Pending,,,,,,0,,,,"Demo Program,Class of 2028",,,,,,"Education,Youth","Education,Youth",2006-09-15,unspecified,,Demo City,TN,37000,,,,,
9900163,01/26/2026,9100009,Marcus ( Marcus ),Reed,marcus.reed@example.edu,,B9001009,,1,Education Studies,,,,,,0000-00-00,,Sophomore,,0000-00-00,,2028-05-14,1,Student,,,Morgan Blake,139.160,436923,Demo Neighborhood Garden,,Garden Workday,,,,,,,Demo Program,,Timespan,01/26/2026,01/26/2026,10:00AM,12:00PM,Completed the shift and learned more about how the partner organizes recurring volunteer roles.,No,Time,,4.00,,,,5,Yes,Morgan Blake,morgan.blake@example.org,,Verified,Morgan Blake,,01/28/2026,,,0,,,,"Demo Program,Class of 2028",,,,,,"Environment,Community","Environment,Community",2006-09-15,unspecified,,Demo City,TN,37000,,,,Morgan Blake,
9900164,02/04/2026,9100009,Marcus ( Marcus ),Reed,marcus.reed@example.edu,,B9001009,,1,Education Studies,,,,,,0000-00-00,,Sophomore,,0000-00-00,,2028-05-14,1,Student,,,Alex Harper,139.160,481971,Demo Senior Center,,Resident Activities,,,,,,,Demo Program,,Timespan,02/04/2026,02/04/2026,10:00AM,12:00PM,"Helped set up the service area, supported participants, and documented next steps for the team.",No,Time,,4.00,,,,,Yes,Alex Harper,alex.harper@example.org,,Verified,Alex Harper,,02/06/2026,,,0,,,,"Demo Program,Class of 2028",,,,,,"Aging,Community","Aging,Community",2006-09-15,unspecified,,Demo City,TN,37000,,,,Alex Harper,
9900165,02/13/2026,9100009,Marcus ( Marcus ),Reed,marcus.reed@example.edu,,B9001009,,1,Education Studies,,,,,,0000-00-00,,Sophomore,,0000-00-00,,2028-05-14,1,Student,,,Riley Adams,86.975,208946,Demo Community Kitchen,,Meal Prep Shift,,,,,,,Demo Program,,Timespan,02/13/2026,02/13/2026,10:00AM,12:00PM,Worked with community members on the planned activity and checked in with the site coordinator afterward.,No,Time,,2.50,,,,5,Yes,Riley Adams,riley.adams@example.org,,Verified,Riley Adams,,02/15/2026,,,0,,,,"Demo Program,Class of 2028",,,,,,"Food Access,Civic Engagement","Food Access,Civic Engagement",2006-09-15,unspecified,,Demo City,TN,37000,,,,Riley Adams,
9900166,02/22/2026,9100009,Marcus ( Marcus ),Reed,marcus.reed@example.edu,,B9001009,,1,Education Studies,,,,,,0000-00-00,,Sophomore,,0000-00-00,,2028-05-14,1,Student,,,Casey Lee,139.160,208961,Demo Tutoring Center,,After-School Tutoring,,,,,,,Demo Program,,Timespan,02/22/2026,02/22/2026,10:00AM,12:00PM,,No,Time,,4.00,,,,,Yes,Casey Lee,casey.lee@example.org,,Verified,Casey Lee,,02/24/2026,,,0,,,,"Demo Program,Class of 2028",,,,,,"Education,Youth","Education,Youth",2006-09-15,unspecified,,Demo City,TN,37000,,,,Casey Lee,
9900167,03/03/2026,9100009,Marcus ( Marcus ),Reed,marcus.reed@example.edu,,B9001009,,1,Education Studies,,,,,,0000-00-00,,Sophomore,,0000-00-00,,2028-05-14,1,Student,,,Morgan Blake,139.160,436923,Demo Neighborhood Garden,,Garden Workday,,,,,,,Demo Program,,Timespan,03/03/2026,03/03/2026,10:00AM,12:00PM,Completed the shift and learned more about how the partner organizes recurring volunteer roles.,No,Time,,4.00,,,,5,Yes,Morgan Blake,morgan.blake@example.org,,Pending,,,,,,0,,,,"Demo Program,Class of 2028",,,,,,"Environment,Community","Environment,Community",2006-09-15,unspecified,,Demo City,TN,37000,,,,,
9900168,03/12/2026,9100009,Marcus ( Marcus ),Reed,marcus.reed@example.edu,,B9001009,,1,Education Studies,,,,,,0000-00-00,,Sophomore,,0000-00-00,,2028-05-14,1,Student,,,Alex Harper,86.975,481971,Demo Senior Center,,Resident Activities,,,,,,,Demo Program,,Timespan,03/12/2026,03/12/2026,10:00AM,12:00PM,"Helped set up the service area, supported participants, and documented next steps for the team.",No,Time,,2.50,,,,,Yes,Alex Harper,alex.harper@example.org,,Verified,Alex Harper,,03/14/2026,,,0,,,,"Demo Program,Class of 2028",,,,,,"Aging,Community","Aging,Community",2006-09-15,unspecified,,Demo City,TN,37000,,,,Alex Harper,
9900169,03/21/2026,9100009,Marcus ( Marcus ),Reed,marcus.reed@example.edu,,B9001009,,1,Education Studies,,,,,,0000-00-00,,Sophomore,,0000-00-00,,2028-05-14,1,Student,,,Riley Adams,139.160,208946,Demo Community Kitchen,,Meal Prep Shift,,,,,,,Demo Program,,Timespan,03/21/2026,03/21/2026,10:00AM,12:00PM,Worked with community members on the planned activity and checked in with the site coordinator afterward.,No,Time,,4.00,,,,5,Yes,Riley Adams,riley.adams@example.org,,Verified,Riley Adams,,03/23/2026,,,0,,,,"Demo Program,Class of 2028",,,,,,"Food Access,Civic Engagement","Food Access,Civic Engagement",2006-09-15,unspecified,,Demo City,TN,37000,,,,Riley Adams,
9900170,03/30/2026,9100009,Marcus ( Marcus ),Reed,marcus.reed@example.edu,,B9001009,,1,Education Studies,,,,,,0000-00-00,,Sophomore,,0000-00-00,,2028-05-14,1,Student,,,Casey Lee,139.160,208961,Demo Tutoring Center,,After-School Tutoring,,,,,,,Demo Program,,Timespan,03/30/2026,03/30/2026,10:00AM,12:00PM,,No,Time,,4.00,,,,,Yes,Casey Lee,casey.lee@example.org,,Verified,Casey Lee,,04/01/2026,,,0,,,,"Demo Program,Class of 2028",,,,,,"Education,Youth","Education,Youth",2006-09-15,unspecified,,Demo City,TN,37000,,,,Casey Lee,
9900171,04/08/2026,9100009,Marcus ( Marcus ),Reed,marcus.reed@example.edu,,B9001009,,1,Education Studies,,,,,,0000-00-00,,Sophomore,,0000-00-00,,2028-05-14,1,Student,,,Morgan Blake,86.975,436923,Demo Neighborhood Garden,,Garden Workday,,,,,,,Demo Program,,Timespan,04/08/2026,04/08/2026,10:00AM,12:00PM,Completed the shift and learned more about how the partner organizes recurring volunteer roles.,No,Time,,2.50,,,,5,Yes,Morgan Blake,morgan.blake@example.org,,Verified,Morgan Blake,,04/10/2026,,,0,,,,"Demo Program,Class of 2028",,,,,,"Environment,Community","Environment,Community",2006-09-15,unspecified,,Demo City,TN,37000,,,,Morgan Blake,
9900172,04/17/2026,9100009,Marcus ( Marcus ),Reed,marcus.reed@example.edu,,B9001009,,1,Education Studies,,,,,,0000-00-00,,Sophomore,,0000-00-00,,2028-05-14,1,Student,,,Alex Harper,139.160,481971,Demo Senior Center,,Resident Activities,,,,,,,Demo Program,,Timespan,04/17/2026,04/17/2026,10:00AM,12:00PM,"Helped set up the service area, supported participants, and documented next steps for the team.",No,Time,,4.00,,,,,Yes,Alex Harper,alex.harper@example.org,,Pending,,,,,,0,,,,"Demo Program,Class of 2028",,,,,,"Aging,Community","Aging,Community",2006-09-15,unspecified,,Demo City,TN,37000,,,,,
9900173,01/18/2026,9100009,Marcus ( Marcus ),Reed,marcus.reed@example.edu,,B9001009,,1,Education Studies,,,,,,0000-00-00,,Sophomore,,0000-00-00,,2028-05-14,1,Student,,,Riley Adams,139.160,208946,Demo Community Kitchen,,Meal Prep Shift,,,,,,,Demo Program,,Timespan,01/18/2026,01/18/2026,10:00AM,12:00PM,Worked with community members on the planned activity and checked in with the site coordinator afterward.,No,Time,,4.00,,,,5,Yes,Riley Adams,riley.adams@example.org,,Verified,Riley Adams,,01/20/2026,,,0,,,,"Demo Program,Class of 2028",,,,,,"Food Access,Civic Engagement","Food Access,Civic Engagement",2006-09-15,unspecified,,Demo City,TN,37000,,,,Riley Adams,
9900174,01/27/2026,9100009,Marcus ( Marcus ),Reed,marcus.reed@example.edu,,B9001009,,1,Education Studies,,,,,,0000-00-00,,Sophomore,,0000-00-00,,2028-05-14,1,Student,,,Casey Lee,86.975,208961,Demo Tutoring Center,,After-School Tutoring,,,,,,,Demo Program,,Timespan,01/27/2026,01/27/2026,10:00AM,12:00PM,,No,Time,,2.50,,,,,Yes,Casey Lee,casey.lee@example.org,,Verified,Casey Lee,,01/29/2026,,,0,,,,"Demo Program,Class of 2028",,,,,,"Education,Youth","Education,Youth",2006-09-15,unspecified,,Demo City,TN,37000,,,,Casey Lee,
9900175,02/05/2026,9100009,Marcus ( Marcus ),Reed,marcus.reed@example.edu,,B9001009,,1,Education Studies,,,,,,0000-00-00,,Sophomore,,0000-00-00,,2028-05-14,1,Student,,,Morgan Blake,139.160,436923,Demo Neighborhood Garden,,Garden Workday,,,,,,,Demo Program,,Timespan,02/05/2026,02/05/2026,10:00AM,12:00PM,Completed the shift and learned more about how the partner organizes recurring volunteer roles.,No,Time,,4.00,,,,5,Yes,Morgan Blake,morgan.blake@example.org,,Verified,Morgan Blake,,02/07/2026,,,0,,,,"Demo Program,Class of 2028",,,,,,"Environment,Community","Environment,Community",2006-09-15,unspecified,,Demo City,TN,37000,,,,Morgan Blake,
9900176,02/14/2026,9100009,Marcus ( Marcus ),Reed,marcus.reed@example.edu,,B9001009,,1,Education Studies,,,,,,0000-00-00,,Sophomore,,0000-00-00,,2028-05-14,1,Student,,,Alex Harper,139.160,481971,Demo Senior Center,,Resident Activities,,,,,,,Demo Program,,Timespan,02/14/2026,02/14/2026,10:00AM,12:00PM,"Helped set up the service area, supported participants, and documented next steps for the team.",No,Time,,4.00,,,,,Yes,Alex Harper,alex.harper@example.org,,Verified,Alex Harper,,02/16/2026,,,0,,,,"Demo Program,Class of 2028",,,,,,"Aging,Community","Aging,Community",2006-09-15,unspecified,,Demo City,TN,37000,,,,Alex Harper,
9900177,02/23/2026,9100009,Marcus ( Marcus ),Reed,marcus.reed@example.edu,,B9001009,,1,Education Studies,,,,,,0000-00-00,,Sophomore,,0000-00-00,,2028-05-14,1,Student,,,Riley Adams,86.975,208946,Demo Community Kitchen,,Meal Prep Shift,,,,,,,Demo Program,,Timespan,02/23/2026,02/23/2026,10:00AM,12:00PM,Worked with community members on the planned activity and checked in with the site coordinator afterward.,No,Time,,2.50,,,,5,Yes,Riley Adams,riley.adams@example.org,,Pending,,,,,,0,,,,"Demo Program,Class of 2028",,,,,,"Food Access,Civic Engagement","Food Access,Civic Engagement",2006-09-15,unspecified,,Demo City,TN,37000,,,,,
9900178,03/04/2026,9100009,Marcus ( Marcus ),Reed,marcus.reed@example.edu,,B9001009,,1,Education Studies,,,,,,0000-00-00,,Sophomore,,0000-00-00,,2028-05-14,1,Student,,,Casey Lee,139.160,208961,Demo Tutoring Center,,After-School Tutoring,,,,,,,Demo Program,,Timespan,03/04/2026,03/04/2026,10:00AM,12:00PM,,No,Time,,4.00,,,,,Yes,Casey Lee,casey.lee@example.org,,Verified,Casey Lee,,03/06/2026,,,0,,,,"Demo Program,Class of 2028",,,,,,"Education,Youth","Education,Youth",2006-09-15,unspecified,,Demo City,TN,37000,,,,Casey Lee,
9900179,03/13/2026,9100009,Marcus ( Marcus ),Reed,marcus.reed@example.edu,,B9001009,,1,Education Studies,,,,,,0000-00-00,,Sophomore,,0000-00-00,,2028-05-14,1,Student,,,Morgan Blake,139.160,436923,Demo Neighborhood Garden,,Garden Workday,,,,,,,Demo Program,,Timespan,03/13/2026,03/13/2026,10:00AM,12:00PM,Completed the shift and learned more about how the partner organizes recurring volunteer roles.,No,Time,,4.00,,,,5,Yes,Morgan Blake,morgan.blake@example.org,,Verified,Morgan Blake,,03/15/2026,,,0,,,,"Demo Program,Class of 2028",,,,,,"Environment,Community","Environment,Community",2006-09-15,unspecified,,Demo City,TN,37000,,,,Morgan Blake,
9900180,03/22/2026,9100009,Marcus ( Marcus ),Reed,marcus.reed@example.edu,,B9001009,,1,Education Studies,,,,,,0000-00-00,,Sophomore,,0000-00-00,,2028-05-14,1,Student,,,Alex Harper,86.975,481971,Demo Senior Center,,Resident Activities,,,,,,,Demo Program,,Timespan,03/22/2026,03/22/2026,10:00AM,12:00PM,"Helped set up the service area, supported participants, and documented next steps for the team.",No,Time,,2.50,,,,,Yes,Alex Harper,alex.harper@example.org,,Verified,Alex Harper,,03/24/2026,,,0,,,,"Demo Program,Class of 2028",,,,,,"Aging,Community","Aging,Community",2006-09-15,unspecified,,Demo City,TN,37000,,,,Alex Harper,
9900181,03/31/2026,9100009,Marcus ( Marcus ),Reed,marcus.reed@example.edu,,B9001009,,1,Education Studies,,,,,,0000-00-00,,Sophomore,,0000-00-00,,2028-05-14,1,Student,,,Riley Adams,139.160,208946,Demo Community Kitchen,,Meal Prep Shift,,,,,,,Demo Program,,Timespan,03/31/2026,03/31/2026,10:00AM,12:00PM,Worked with community members on the planned activity and checked in with the site coordinator afterward.,No,Time,,4.00,,,,5,Yes,Riley Adams,riley.adams@example.org,,Verified,Riley Adams,,04/02/2026,,,0,,,,"Demo Program,Class of 2028",,,,,,"Food Access,Civic Engagement","Food Access,Civic Engagement",2006-09-15,unspecified,,Demo City,TN,37000,,,,Riley Adams,
9900182,04/09/2026,9100009,Marcus ( Marcus ),Reed,marcus.reed@example.edu,,B9001009,,1,Education Studies,,,,,,0000-00-00,,Sophomore,,0000-00-00,,2028-05-14,1,Student,,,Casey Lee,139.160,208961,Demo Tutoring Center,,After-School Tutoring,,,,,,,Demo Program,,Timespan,04/09/2026,04/09/2026,10:00AM,12:00PM,,No,Time,,4.00,,,,,Yes,Casey Lee,casey.lee@example.org,,Pending,,,,,,0,,,,"Demo Program,Class of 2028",,,,,,"Education,Youth","Education,Youth",2006-09-15,unspecified,,Demo City,TN,37000,,,,,
9900183,01/10/2026,9100009,Marcus ( Marcus ),Reed,marcus.reed@example.edu,,B9001009,,1,Education Studies,,,,,,0000-00-00,,Sophomore,,0000-00-00,,2028-05-14,1,Student,,,Morgan Blake,86.975,436923,Demo Neighborhood Garden,,Garden Workday,,,,,,,Demo Program,,Timespan,01/10/2026,01/10/2026,10:00AM,12:00PM,Completed the shift and learned more about how the partner organizes recurring volunteer roles.,No,Time,,2.50,,,,5,Yes,Morgan Blake,morgan.blake@example.org,,Verified,Morgan Blake,,01/12/2026,,,0,,,,"Demo Program,Class of 2028",,,,,,"Environment,Community","Environment,Community",2006-09-15,unspecified,,Demo City,TN,37000,,,,Morgan Blake,
9900184,01/19/2026,9100009,Marcus ( Marcus ),Reed,marcus.reed@example.edu,,B9001009,,1,Education Studies,,,,,,0000-00-00,,Sophomore,,0000-00-00,,2028-05-14,1,Student,,,Alex Harper,139.160,481971,Demo Senior Center,,Resident Activities,,,,,,,Demo Program,,Timespan,01/19/2026,01/19/2026,10:00AM,12:00PM,"Helped set up the service area, supported participants, and documented next steps for the team.",No,Time,,4.00,,,,,Yes,Alex Harper,alex.harper@example.org,,Verified,Alex Harper,,01/21/2026,,,0,,,,"Demo Program,Class of 2028",,,,,,"Aging,Community","Aging,Community",2006-09-15,unspecified,,Demo City,TN,37000,,,,Alex Harper,
9900185,01/28/2026,9100009,Marcus ( Marcus ),Reed,marcus.reed@example.edu,,B9001009,,1,Education Studies,,,,,,0000-00-00,,Sophomore,,0000-00-00,,2028-05-14,1,Student,,,Riley Adams,139.160,208946,Demo Community Kitchen,,Meal Prep Shift,,,,,,,Demo Program,,Timespan,01/28/2026,01/28/2026,10:00AM,12:00PM,Worked with community members on the planned activity and checked in with the site coordinator afterward.,No,Time,,4.00,,,,5,Yes,Riley Adams,riley.adams@example.org,,Verified,Riley Adams,,01/30/2026,,,0,,,,"Demo Program,Class of 2028",,,,,,"Food Access,Civic Engagement","Food Access,Civic Engagement",2006-09-15,unspecified,,Demo City,TN,37000,,,,Riley Adams,
9900186,02/06/2026,9100009,Marcus ( Marcus ),Reed,marcus.reed@example.edu,,B9001009,,1,Education Studies,,,,,,0000-00-00,,Sophomore,,0000-00-00,,2028-05-14,1,Student,,,Casey Lee,86.975,208961,Demo Tutoring Center,,After-School Tutoring,,,,,,,Demo Program,,Timespan,02/06/2026,02/06/2026,10:00AM,12:00PM,,No,Time,,2.50,,,,,Yes,Casey Lee,casey.lee@example.org,,Verified,Casey Lee,,02/08/2026,,,0,,,,"Demo Program,Class of 2028",,,,,,"Education,Youth","Education,Youth",2006-09-15,unspecified,,Demo City,TN,37000,,,,Casey Lee,
9900187,02/15/2026,9100009,Marcus ( Marcus ),Reed,marcus.reed@example.edu,,B9001009,,1,Education Studies,,,,,,0000-00-00,,Sophomore,,0000-00-00,,2028-05-14,1,Student,,,Morgan Blake,139.160,436923,Demo Neighborhood Garden,,Garden Workday,,,,,,,Demo Program,,Timespan,02/15/2026,02/15/2026,10:00AM,12:00PM,Completed the shift and learned more about how the partner organizes recurring volunteer roles.,No,Time,,4.00,,,,5,Yes,Morgan Blake,morgan.blake@example.org,,Pending,,,,,,0,,,,"Demo Program,Class of 2028",,,,,,"Environment,Community","Environment,Community",2006-09-15,unspecified,,Demo City,TN,37000,,,,,
9900188,02/24/2026,9100009,Marcus ( Marcus ),Reed,marcus.reed@example.edu,,B9001009,,1,Education Studies,,,,,,0000-00-00,,Sophomore,,0000-00-00,,2028-05-14,1,Student,,,Alex Harper,139.160,481971,Demo Senior Center,,Resident Activities,,,,,,,Demo Program,,Timespan,02/24/2026,02/24/2026,10:00AM,12:00PM,"Helped set up the service area, supported participants, and documented next steps for the team.",No,Time,,4.00,,,,,Yes,Alex Harper,alex.harper@example.org,,Verified,Alex Harper,,02/26/2026,,,0,,,,"Demo Program,Class of 2028",,,,,,"Aging,Community","Aging,Community",2006-09-15,unspecified,,Demo City,TN,37000,,,,Alex Harper,
9900189,03/05/2026,9100009,Marcus ( Marcus ),Reed,marcus.reed@example.edu,,B9001009,,1,Education Studies,,,,,,0000-00-00,,Sophomore,,0000-00-00,,2028-05-14,1,Student,,,Riley Adams,86.975,208946,Demo Community Kitchen,,Meal Prep Shift,,,,,,,Demo Program,,Timespan,03/05/2026,03/05/2026,10:00AM,12:00PM,Worked with community members on the planned activity and checked in with the site coordinator afterward.,No,Time,,2.50,,,,5,Yes,Riley Adams,riley.adams@example.org,,Verified,Riley Adams,,03/07/2026,,,0,,,,"Demo Program,Class of 2028",,,,,,"Food Access,Civic Engagement","Food Access,Civic Engagement",2006-09-15,unspecified,,Demo City,TN,37000,,,,Riley Adams,
9900190,03/14/2026,9100009,Marcus ( Marcus ),Reed,marcus.reed@example.edu,,B9001009,,1,Education Studies,,,,,,0000-00-00,,Sophomore,,0000-00-00,,2028-05-14,1,Student,,,Casey Lee,139.160,208961,Demo Tutoring Center,,After-School Tutoring,,,,,,,Demo Program,,Timespan,03/14/2026,03/14/2026,10:00AM,12:00PM,,No,Time,,4.00,,,,,Yes,Casey Lee,casey.lee@example.org,,Verified,Casey Lee,,03/16/2026,,,0,,,,"Demo Program,Class of 2028",,,,,,"Education,Youth","Education,Youth",2006-09-15,unspecified,,Demo City,TN,37000,,,,Casey Lee,
9900191,03/23/2026,9100009,Marcus ( Marcus ),Reed,marcus.reed@example.edu,,B9001009,,1,Education Studies,,,,,,0000-00-00,,Sophomore,,0000-00-00,,2028-05-14,1,Student,,,Morgan Blake,86.975,436923,Demo Neighborhood Garden,,Garden Workday,,,,,,,Demo Program,,Timespan,03/23/2026,03/23/2026,10:00AM,12:00PM,Completed the shift and learned more about how the partner organizes recurring volunteer roles.,No,Time,,2.50,,,,5,Yes,Morgan Blake,morgan.blake@example.org,,Verified,Morgan Blake,,03/25/2026,,,0,,,,"Demo Program,Class of 2028",,,,,,"Environment,Community","Environment,Community",2006-09-15,unspecified,,Demo City,TN,37000,,,,Morgan Blake,
9900192,02/09/2026,9100011,Owen ( Owen ),Kim,owen.kim@example.edu,,B9001011,,1,Economics,,,,,,0000-00-00,,Senior,,0000-00-00,,2026-05-10,1,Student,,,Morgan Blake,86.975,436923,Demo Neighborhood Garden,,Garden Workday,,,,,,,Demo Program,,Timespan,02/09/2026,02/09/2026,10:00AM,12:00PM,Completed the shift and learned more about how the partner organizes recurring volunteer roles.,No,Time,,2.50,,,,5,Yes,Morgan Blake,morgan.blake@example.org,,Verified,Morgan Blake,,02/11/2026,,,0,,,,"Demo Program,Class of 2026",,,,,,"Environment,Community","Environment,Community",2003-02-15,unspecified,,Demo City,TN,37000,,,,Morgan Blake,
9900193,02/18/2026,9100011,Owen ( Owen ),Kim,owen.kim@example.edu,,B9001011,,1,Economics,,,,,,0000-00-00,,Senior,,0000-00-00,,2026-05-10,1,Student,,,Alex Harper,139.160,481971,Demo Senior Center,,Resident Activities,,,,,,,Demo Program,,Timespan,02/18/2026,02/18/2026,10:00AM,12:00PM,"Helped set up the service area, supported participants, and documented next steps for the team.",No,Time,,4.00,,,,,Yes,Alex Harper,alex.harper@example.org,,Verified,Alex Harper,,02/20/2026,,,0,,,,"Demo Program,Class of 2026",,,,,,"Aging,Community","Aging,Community",2003-02-15,unspecified,,Demo City,TN,37000,,,,Alex Harper,
9900194,02/27/2026,9100011,Owen ( Owen ),Kim,owen.kim@example.edu,,B9001011,,1,Economics,,,,,,0000-00-00,,Senior,,0000-00-00,,2026-05-10,1,Student,,,Riley Adams,139.160,208946,Demo Community Kitchen,,Meal Prep Shift,,,,,,,Demo Program,,Timespan,02/27/2026,02/27/2026,10:00AM,12:00PM,Worked with community members on the planned activity and checked in with the site coordinator afterward.,No,Time,,4.00,,,,5,Yes,Riley Adams,riley.adams@example.org,,Verified,Riley Adams,,03/01/2026,,,0,,,,"Demo Program,Class of 2026",,,,,,"Food Access,Civic Engagement","Food Access,Civic Engagement",2003-02-15,unspecified,,Demo City,TN,37000,,,,Riley Adams,
9900195,03/08/2026,9100011,Owen ( Owen ),Kim,owen.kim@example.edu,,B9001011,,1,Economics,,,,,,0000-00-00,,Senior,,0000-00-00,,2026-05-10,1,Student,,,Casey Lee,86.975,208961,Demo Tutoring Center,,After-School Tutoring,,,,,,,Demo Program,,Timespan,03/08/2026,03/08/2026,10:00AM,12:00PM,,No,Time,,2.50,,,,,Yes,Casey Lee,casey.lee@example.org,,Verified,Casey Lee,,03/10/2026,,,0,,,,"Demo Program,Class of 2026",,,,,,"Education,Youth","Education,Youth",2003-02-15,unspecified,,Demo City,TN,37000,,,,Casey Lee,
9900196,03/17/2026,9100011,Owen ( Owen ),Kim,owen.kim@example.edu,,B9001011,,1,Economics,,,,,,0000-00-00,,Senior,,0000-00-00,,2026-05-10,1,Student,,,Morgan Blake,139.160,436923,Demo Neighborhood Garden,,Garden Workday,,,,,,,Demo Program,,Timespan,03/17/2026,03/17/2026,10:00AM,12:00PM,Completed the shift and learned more about how the partner organizes recurring volunteer roles.,No,Time,,4.00,,,,5,Yes,Morgan Blake,morgan.blake@example.org,,Pending,,,,,,0,,,,"Demo Program,Class of 2026",,,,,,"Environment,Community","Environment,Community",2003-02-15,unspecified,,Demo City,TN,37000,,,,,
9900197,03/26/2026,9100011,Owen ( Owen ),Kim,owen.kim@example.edu,,B9001011,,1,Economics,,,,,,0000-00-00,,Senior,,0000-00-00,,2026-05-10,1,Student,,,Alex Harper,139.160,481971,Demo Senior Center,,Resident Activities,,,,,,,Demo Program,,Timespan,03/26/2026,03/26/2026,10:00AM,12:00PM,"Helped set up the service area, supported participants, and documented next steps for the team.",No,Time,,4.00,,,,,Yes,Alex Harper,alex.harper@example.org,,Verified,Alex Harper,,03/28/2026,,,0,,,,"Demo Program,Class of 2026",,,,,,"Aging,Community","Aging,Community",2003-02-15,unspecified,,Demo City,TN,37000,,,,Alex Harper,
9900198,04/04/2026,9100011,Owen ( Owen ),Kim,owen.kim@example.edu,,B9001011,,1,Economics,,,,,,0000-00-00,,Senior,,0000-00-00,,2026-05-10,1,Student,,,Riley Adams,86.975,208946,Demo Community Kitchen,,Meal Prep Shift,,,,,,,Demo Program,,Timespan,04/04/2026,04/04/2026,10:00AM,12:00PM,Worked with community members on the planned activity and checked in with the site coordinator afterward.,No,Time,,2.50,,,,5,Yes,Riley Adams,riley.adams@example.org,,Verified,Riley Adams,,04/06/2026,,,0,,,,"Demo Program,Class of 2026",,,,,,"Food Access,Civic Engagement","Food Access,Civic Engagement",2003-02-15,unspecified,,Demo City,TN,37000,,,,Riley Adams,
9900199,04/13/2026,9100011,Owen ( Owen ),Kim,owen.kim@example.edu,,B9001011,,1,Economics,,,,,,0000-00-00,,Senior,,0000-00-00,,2026-05-10,1,Student,,,Casey Lee,139.160,208961,Demo Tutoring Center,,After-School Tutoring,,,,,,,Demo Program,,Timespan,04/13/2026,04/13/2026,10:00AM,12:00PM,,No,Time,,4.00,,,,,Yes,Casey Lee,casey.lee@example.org,,Verified,Casey Lee,,04/15/2026,,,0,,,,"Demo Program,Class of 2026",,,,,,"Education,Youth","Education,Youth",2003-02-15,unspecified,,Demo City,TN,37000,,,,Casey Lee,
9900200,01/14/2026,9100011,Owen ( Owen ),Kim,owen.kim@example.edu,,B9001011,,1,Economics,,,,,,0000-00-00,,Senior,,0000-00-00,,2026-05-10,1,Student,,,Morgan Blake,139.160,436923,Demo Neighborhood Garden,,Garden Workday,,,,,,,Demo Program,,Timespan,01/14/2026,01/14/2026,10:00AM,12:00PM,Completed the shift and learned more about how the partner organizes recurring volunteer roles.,No,Time,,4.00,,,,5,Yes,Morgan Blake,morgan.blake@example.org,,Verified,Morgan Blake,,01/16/2026,,,0,,,,"Demo Program,Class of 2026",,,,,,"Environment,Community","Environment,Community",2003-02-15,unspecified,,Demo City,TN,37000,,,,Morgan Blake,
9900201,01/23/2026,9100011,Owen ( Owen ),Kim,owen.kim@example.edu,,B9001011,,1,Economics,,,,,,0000-00-00,,Senior,,0000-00-00,,2026-05-10,1,Student,,,Alex Harper,86.975,481971,Demo Senior Center,,Resident Activities,,,,,,,Demo Program,,Timespan,01/23/2026,01/23/2026,10:00AM,12:00PM,"Helped set up the service area, supported participants, and documented next steps for the team.",No,Time,,2.50,,,,,Yes,Alex Harper,alex.harper@example.org,,Pending,,,,,,0,,,,"Demo Program,Class of 2026",,,,,,"Aging,Community","Aging,Community",2003-02-15,unspecified,,Demo City,TN,37000,,,,,
9900202,02/01/2026,9100011,Owen ( Owen ),Kim,owen.kim@example.edu,,B9001011,,1,Economics,,,,,,0000-00-00,,Senior,,0000-00-00,,2026-05-10,1,Student,,,Riley Adams,139.160,208946,Demo Community Kitchen,,Meal Prep Shift,,,,,,,Demo Program,,Timespan,02/01/2026,02/01/2026,10:00AM,12:00PM,Worked with community members on the planned activity and checked in with the site coordinator afterward.,No,Time,,4.00,,,,5,Yes,Riley Adams,riley.adams@example.org,,Verified,Riley Adams,,02/03/2026,,,0,,,,"Demo Program,Class of 2026",,,,,,"Food Access,Civic Engagement","Food Access,Civic Engagement",2003-02-15,unspecified,,Demo City,TN,37000,,,,Riley Adams,
9900203,02/10/2026,9100011,Owen ( Owen ),Kim,owen.kim@example.edu,,B9001011,,1,Economics,,,,,,0000-00-00,,Senior,,0000-00-00,,2026-05-10,1,Student,,,Casey Lee,139.160,208961,Demo Tutoring Center,,After-School Tutoring,,,,,,,Demo Program,,Timespan,02/10/2026,02/10/2026,10:00AM,12:00PM,,No,Time,,4.00,,,,,Yes,Casey Lee,casey.lee@example.org,,Verified,Casey Lee,,02/12/2026,,,0,,,,"Demo Program,Class of 2026",,,,,,"Education,Youth","Education,Youth",2003-02-15,unspecified,,Demo City,TN,37000,,,,Casey Lee,
9900204,02/19/2026,9100011,Owen ( Owen ),Kim,owen.kim@example.edu,,B9001011,,1,Economics,,,,,,0000-00-00,,Senior,,0000-00-00,,2026-05-10,1,Student,,,Morgan Blake,86.975,436923,Demo Neighborhood Garden,,Garden Workday,,,,,,,Demo Program,,Timespan,02/19/2026,02/19/2026,10:00AM,12:00PM,Completed the shift and learned more about how the partner organizes recurring volunteer roles.,No,Time,,2.50,,,,5,Yes,Morgan Blake,morgan.blake@example.org,,Verified,Morgan Blake,,02/21/2026,,,0,,,,"Demo Program,Class of 2026",,,,,,"Environment,Community","Environment,Community",2003-02-15,unspecified,,Demo City,TN,37000,,,,Morgan Blake,
9900205,02/28/2026,9100011,Owen ( Owen ),Kim,owen.kim@example.edu,,B9001011,,1,Economics,,,,,,0000-00-00,,Senior,,0000-00-00,,2026-05-10,1,Student,,,Alex Harper,139.160,481971,Demo Senior Center,,Resident Activities,,,,,,,Demo Program,,Timespan,02/28/2026,02/28/2026,10:00AM,12:00PM,"Helped set up the service area, supported participants, and documented next steps for the team.",No,Time,,4.00,,,,,Yes,Alex Harper,alex.harper@example.org,,Verified,Alex Harper,,03/02/2026,,,0,,,,"Demo Program,Class of 2026",,,,,,"Aging,Community","Aging,Community",2003-02-15,unspecified,,Demo City,TN,37000,,,,Alex Harper,
9900206,03/09/2026,9100011,Owen ( Owen ),Kim,owen.kim@example.edu,,B9001011,,1,Economics,,,,,,0000-00-00,,Senior,,0000-00-00,,2026-05-10,1,Student,,,Riley Adams,139.160,208946,Demo Community Kitchen,,Meal Prep Shift,,,,,,,Demo Program,,Timespan,03/09/2026,03/09/2026,10:00AM,12:00PM,Worked with community members on the planned activity and checked in with the site coordinator afterward.,No,Time,,4.00,,,,5,Yes,Riley Adams,riley.adams@example.org,,Pending,,,,,,0,,,,"Demo Program,Class of 2026",,,,,,"Food Access,Civic Engagement","Food Access,Civic Engagement",2003-02-15,unspecified,,Demo City,TN,37000,,,,,
9900207,03/18/2026,9100011,Owen ( Owen ),Kim,owen.kim@example.edu,,B9001011,,1,Economics,,,,,,0000-00-00,,Senior,,0000-00-00,,2026-05-10,1,Student,,,Casey Lee,86.975,208961,Demo Tutoring Center,,After-School Tutoring,,,,,,,Demo Program,,Timespan,03/18/2026,03/18/2026,10:00AM,12:00PM,,No,Time,,2.50,,,,,Yes,Casey Lee,casey.lee@example.org,,Verified,Casey Lee,,03/20/2026,,,0,,,,"Demo Program,Class of 2026",,,,,,"Education,Youth","Education,Youth",2003-02-15,unspecified,,Demo City,TN,37000,,,,Casey Lee,
9900208,03/27/2026,9100011,Owen ( Owen ),Kim,owen.kim@example.edu,,B9001011,,1,Economics,,,,,,0000-00-00,,Senior,,0000-00-00,,2026-05-10,1,Student,,,Morgan Blake,139.160,436923,Demo Neighborhood Garden,,Garden Workday,,,,,,,Demo Program,,Timespan,03/27/2026,03/27/2026,10:00AM,12:00PM,Completed the shift and learned more about how the partner organizes recurring volunteer roles.,No,Time,,4.00,,,,5,Yes,Morgan Blake,morgan.blake@example.org,,Verified,Morgan Blake,,03/29/2026,,,0,,,,"Demo Program,Class of 2026",,,,,,"Environment,Community","Environment,Community",2003-02-15,unspecified,,Demo City,TN,37000,,,,Morgan Blake,
9900209,04/05/2026,9100011,Owen ( Owen ),Kim,owen.kim@example.edu,,B9001011,,1,Economics,,,,,,0000-00-00,,Senior,,0000-00-00,,2026-05-10,1,Student,,,Alex Harper,139.160,481971,Demo Senior Center,,Resident Activities,,,,,,,Demo Program,,Timespan,04/05/2026,04/05/2026,10:00AM,12:00PM,"Helped set up the service area, supported participants, and documented next steps for the team.",No,Time,,4.00,,,,,Yes,Alex Harper,alex.harper@example.org,,Verified,Alex Harper,,04/07/2026,,,0,,,,"Demo Program,Class of 2026",,,,,,"Aging,Community","Aging,Community",2003-02-15,unspecified,,Demo City,TN,37000,,,,Alex Harper,
9900210,04/14/2026,9100011,Owen ( Owen ),Kim,owen.kim@example.edu,,B9001011,,1,Economics,,,,,,0000-00-00,,Senior,,0000-00-00,,2026-05-10,1,Student,,,Riley Adams,86.975,208946,Demo Community Kitchen,,Meal Prep Shift,,,,,,,Demo Program,,Timespan,04/14/2026,04/14/2026,10:00AM,12:00PM,Worked with community members on the planned activity and checked in with the site coordinator afterward.,No,Time,,2.50,,,,5,Yes,Riley Adams,riley.adams@example.org,,Verified,Riley Adams,,04/16/2026,,,0,,,,"Demo Program,Class of 2026",,,,,,"Food Access,Civic Engagement","Food Access,Civic Engagement",2003-02-15,unspecified,,Demo City,TN,37000,,,,Riley Adams,
9900211,01/15/2026,9100011,Owen ( Owen ),Kim,owen.kim@example.edu,,B9001011,,1,Economics,,,,,,0000-00-00,,Senior,,0000-00-00,,2026-05-10,1,Student,,,Casey Lee,139.160,208961,Demo Tutoring Center,,After-School Tutoring,,,,,,,Demo Program,,Timespan,01/15/2026,01/15/2026,10:00AM,12:00PM,,No,Time,,4.00,,,,,Yes,Casey Lee,casey.lee@example.org,,Pending,,,,,,0,,,,"Demo Program,Class of 2026",,,,,,"Education,Youth","Education,Youth",2003-02-15,unspecified,,Demo City,TN,37000,,,,,
9900212,01/24/2026,9100011,Owen ( Owen ),Kim,owen.kim@example.edu,,B9001011,,1,Economics,,,,,,0000-00-00,,Senior,,0000-00-00,,2026-05-10,1,Student,,,Morgan Blake,139.160,436923,Demo Neighborhood Garden,,Garden Workday,,,,,,,Demo Program,,Timespan,01/24/2026,01/24/2026,10:00AM,12:00PM,Completed the shift and learned more about how the partner organizes recurring volunteer roles.,No,Time,,4.00,,,,5,Yes,Morgan Blake,morgan.blake@example.org,,Verified,Morgan Blake,,01/26/2026,,,0,,,,"Demo Program,Class of 2026",,,,,,"Environment,Community","Environment,Community",2003-02-15,unspecified,,Demo City,TN,37000,,,,Morgan Blake,
9900213,02/02/2026,9100011,Owen ( Owen ),Kim,owen.kim@example.edu,,B9001011,,1,Economics,,,,,,0000-00-00,,Senior,,0000-00-00,,2026-05-10,1,Student,,,Alex Harper,86.975,481971,Demo Senior Center,,Resident Activities,,,,,,,Demo Program,,Timespan,02/02/2026,02/02/2026,10:00AM,12:00PM,"Helped set up the service area, supported participants, and documented next steps for the team.",No,Time,,2.50,,,,,Yes,Alex Harper,alex.harper@example.org,,Verified,Alex Harper,,02/04/2026,,,0,,,,"Demo Program,Class of 2026",,,,,,"Aging,Community","Aging,Community",2003-02-15,unspecified,,Demo City,TN,37000,,,,Alex Harper,
9900214,02/11/2026,9100011,Owen ( Owen ),Kim,owen.kim@example.edu,,B9001011,,1,Economics,,,,,,0000-00-00,,Senior,,0000-00-00,,2026-05-10,1,Student,,,Riley Adams,139.160,208946,Demo Community Kitchen,,Meal Prep Shift,,,,,,,Demo Program,,Timespan,02/11/2026,02/11/2026,10:00AM,12:00PM,Worked with community members on the planned activity and checked in with the site coordinator afterward.,No,Time,,4.00,,,,5,Yes,Riley Adams,riley.adams@example.org,,Verified,Riley Adams,,02/13/2026,,,0,,,,"Demo Program,Class of 2026",,,,,,"Food Access,Civic Engagement","Food Access,Civic Engagement",2003-02-15,unspecified,,Demo City,TN,37000,,,,Riley Adams,
9900215,02/20/2026,9100011,Owen ( Owen ),Kim,owen.kim@example.edu,,B9001011,,1,Economics,,,,,,0000-00-00,,Senior,,0000-00-00,,2026-05-10,1,Student,,,Casey Lee,139.160,208961,Demo Tutoring Center,,After-School Tutoring,,,,,,,Demo Program,,Timespan,02/20/2026,02/20/2026,10:00AM,12:00PM,,No,Time,,4.00,,,,,Yes,Casey Lee,casey.lee@example.org,,Verified,Casey Lee,,02/22/2026,,,0,,,,"Demo Program,Class of 2026",,,,,,"Education,Youth","Education,Youth",2003-02-15,unspecified,,Demo City,TN,37000,,,,Casey Lee,
9900216,03/01/2026,9100011,Owen ( Owen ),Kim,owen.kim@example.edu,,B9001011,,1,Economics,,,,,,0000-00-00,,Senior,,0000-00-00,,2026-05-10,1,Student,,,Morgan Blake,86.975,436923,Demo Neighborhood Garden,,Garden Workday,,,,,,,Demo Program,,Timespan,03/01/2026,03/01/2026,10:00AM,12:00PM,Completed the shift and learned more about how the partner organizes recurring volunteer roles.,No,Time,,2.50,,,,5,Yes,Morgan Blake,morgan.blake@example.org,,Pending,,,,,,0,,,,"Demo Program,Class of 2026",,,,,,"Environment,Community","Environment,Community",2003-02-15,unspecified,,Demo City,TN,37000,,,,,
9900217,03/10/2026,9100011,Owen ( Owen ),Kim,owen.kim@example.edu,,B9001011,,1,Economics,,,,,,0000-00-00,,Senior,,0000-00-00,,2026-05-10,1,Student,,,Alex Harper,121.765,481971,Demo Senior Center,,Resident Activities,,,,,,,Demo Program,,Timespan,03/10/2026,03/10/2026,10:00AM,12:00PM,"Helped set up the service area, supported participants, and documented next steps for the team.",No,Time,,3.50,,,,,Yes,Alex Harper,alex.harper@example.org,,Verified,Alex Harper,,03/12/2026,,,0,,,,"Demo Program,Class of 2026",,,,,,"Aging,Community","Aging,Community",2003-02-15,unspecified,,Demo City,TN,37000,,,,Alex Harper,
9900218,02/12/2026,9100012,Grace ( Grace ),Taylor,grace.taylor@example.edu,,B9001012,,1,Psychology,,,,,,0000-00-00,,Sophomore,,0000-00-00,,2028-05-14,1,Student,,,Alex Harper,86.975,481971,Demo Senior Center,,Resident Activities,,,,,,,Demo Program,,Timespan,02/12/2026,02/12/2026,10:00AM,12:00PM,"Helped set up the service area, supported participants, and documented next steps for the team.",No,Time,,2.50,,,,5,Yes,Alex Harper,alex.harper@example.org,,Verified,Alex Harper,,02/14/2026,,,0,,,,"Demo Program,Class of 2028",,,,,,"Aging,Community","Aging,Community",2004-03-15,unspecified,,Demo City,TN,37000,,,,Alex Harper,
9900219,02/21/2026,9100012,Grace ( Grace ),Taylor,grace.taylor@example.edu,,B9001012,,1,Psychology,,,,,,0000-00-00,,Sophomore,,0000-00-00,,2028-05-14,1,Student,,,Riley Adams,139.160,208946,Demo Community Kitchen,,Meal Prep Shift,,,,,,,Demo Program,,Timespan,02/21/2026,02/21/2026,10:00AM,12:00PM,Worked with community members on the planned activity and checked in with the site coordinator afterward.,No,Time,,4.00,,,,,Yes,Riley Adams,riley.adams@example.org,,Verified,Riley Adams,,02/23/2026,,,0,,,,"Demo Program,Class of 2028",,,,,,"Food Access,Civic Engagement","Food Access,Civic Engagement",2004-03-15,unspecified,,Demo City,TN,37000,,,,Riley Adams,
9900220,03/02/2026,9100012,Grace ( Grace ),Taylor,grace.taylor@example.edu,,B9001012,,1,Psychology,,,,,,0000-00-00,,Sophomore,,0000-00-00,,2028-05-14,1,Student,,,Casey Lee,139.160,208961,Demo Tutoring Center,,After-School Tutoring,,,,,,,Demo Program,,Timespan,03/02/2026,03/02/2026,10:00AM,12:00PM,,No,Time,,4.00,,,,5,Yes,Casey Lee,casey.lee@example.org,,Verified,Casey Lee,,03/04/2026,,,0,,,,"Demo Program,Class of 2028",,,,,,"Education,Youth","Education,Youth",2004-03-15,unspecified,,Demo City,TN,37000,,,,Casey Lee,
9900221,03/11/2026,9100012,Grace ( Grace ),Taylor,grace.taylor@example.edu,,B9001012,,1,Psychology,,,,,,0000-00-00,,Sophomore,,0000-00-00,,2028-05-14,1,Student,,,Morgan Blake,86.975,436923,Demo Neighborhood Garden,,Garden Workday,,,,,,,Demo Program,,Timespan,03/11/2026,03/11/2026,10:00AM,12:00PM,Completed the shift and learned more about how the partner organizes recurring volunteer roles.,No,Time,,2.50,,,,,Yes,Morgan Blake,morgan.blake@example.org,,Verified,Morgan Blake,,03/13/2026,,,0,,,,"Demo Program,Class of 2028",,,,,,"Environment,Community","Environment,Community",2004-03-15,unspecified,,Demo City,TN,37000,,,,Morgan Blake,
9900222,03/20/2026,9100012,Grace ( Grace ),Taylor,grace.taylor@example.edu,,B9001012,,1,Psychology,,,,,,0000-00-00,,Sophomore,,0000-00-00,,2028-05-14,1,Student,,,Alex Harper,139.160,481971,Demo Senior Center,,Resident Activities,,,,,,,Demo Program,,Timespan,03/20/2026,03/20/2026,10:00AM,12:00PM,"Helped set up the service area, supported participants, and documented next steps for the team.",No,Time,,4.00,,,,5,Yes,Alex Harper,alex.harper@example.org,,Pending,,,,,,0,,,,"Demo Program,Class of 2028",,,,,,"Aging,Community","Aging,Community",2004-03-15,unspecified,,Demo City,TN,37000,,,,,
9900223,03/29/2026,9100012,Grace ( Grace ),Taylor,grace.taylor@example.edu,,B9001012,,1,Psychology,,,,,,0000-00-00,,Sophomore,,0000-00-00,,2028-05-14,1,Student,,,Riley Adams,139.160,208946,Demo Community Kitchen,,Meal Prep Shift,,,,,,,Demo Program,,Timespan,03/29/2026,03/29/2026,10:00AM,12:00PM,Worked with community members on the planned activity and checked in with the site coordinator afterward.,No,Time,,4.00,,,,,Yes,Riley Adams,riley.adams@example.org,,Verified,Riley Adams,,03/31/2026,,,0,,,,"Demo Program,Class of 2028",,,,,,"Food Access,Civic Engagement","Food Access,Civic Engagement",2004-03-15,unspecified,,Demo City,TN,37000,,,,Riley Adams,
9900224,04/07/2026,9100012,Grace ( Grace ),Taylor,grace.taylor@example.edu,,B9001012,,1,Psychology,,,,,,0000-00-00,,Sophomore,,0000-00-00,,2028-05-14,1,Student,,,Casey Lee,86.975,208961,Demo Tutoring Center,,After-School Tutoring,,,,,,,Demo Program,,Timespan,04/07/2026,04/07/2026,10:00AM,12:00PM,,No,Time,,2.50,,,,5,Yes,Casey Lee,casey.lee@example.org,,Verified,Casey Lee,,04/09/2026,,,0,,,,"Demo Program,Class of 2028",,,,,,"Education,Youth","Education,Youth",2004-03-15,unspecified,,Demo City,TN,37000,,,,Casey Lee,
9900225,04/16/2026,9100012,Grace ( Grace ),Taylor,grace.taylor@example.edu,,B9001012,,1,Psychology,,,,,,0000-00-00,,Sophomore,,0000-00-00,,2028-05-14,1,Student,,,Morgan Blake,139.160,436923,Demo Neighborhood Garden,,Garden Workday,,,,,,,Demo Program,,Timespan,04/16/2026,04/16/2026,10:00AM,12:00PM,Completed the shift and learned more about how the partner organizes recurring volunteer roles.,No,Time,,4.00,,,,,Yes,Morgan Blake,morgan.blake@example.org,,Verified,Morgan Blake,,04/18/2026,,,0,,,,"Demo Program,Class of 2028",,,,,,"Environment,Community","Environment,Community",2004-03-15,unspecified,,Demo City,TN,37000,,,,Morgan Blake,
9900226,01/17/2026,9100012,Grace ( Grace ),Taylor,grace.taylor@example.edu,,B9001012,,1,Psychology,,,,,,0000-00-00,,Sophomore,,0000-00-00,,2028-05-14,1,Student,,,Alex Harper,139.160,481971,Demo Senior Center,,Resident Activities,,,,,,,Demo Program,,Timespan,01/17/2026,01/17/2026,10:00AM,12:00PM,"Helped set up the service area, supported participants, and documented next steps for the team.",No,Time,,4.00,,,,5,Yes,Alex Harper,alex.harper@example.org,,Verified,Alex Harper,,01/19/2026,,,0,,,,"Demo Program,Class of 2028",,,,,,"Aging,Community","Aging,Community",2004-03-15,unspecified,,Demo City,TN,37000,,,,Alex Harper,
9900227,01/26/2026,9100012,Grace ( Grace ),Taylor,grace.taylor@example.edu,,B9001012,,1,Psychology,,,,,,0000-00-00,,Sophomore,,0000-00-00,,2028-05-14,1,Student,,,Riley Adams,86.975,208946,Demo Community Kitchen,,Meal Prep Shift,,,,,,,Demo Program,,Timespan,01/26/2026,01/26/2026,10:00AM,12:00PM,Worked with community members on the planned activity and checked in with the site coordinator afterward.,No,Time,,2.50,,,,,Yes,Riley Adams,riley.adams@example.org,,Pending,,,,,,0,,,,"Demo Program,Class of 2028",,,,,,"Food Access,Civic Engagement","Food Access,Civic Engagement",2004-03-15,unspecified,,Demo City,TN,37000,,,,,
9900228,02/04/2026,9100012,Grace ( Grace ),Taylor,grace.taylor@example.edu,,B9001012,,1,Psychology,,,,,,0000-00-00,,Sophomore,,0000-00-00,,2028-05-14,1,Student,,,Casey Lee,139.160,208961,Demo Tutoring Center,,After-School Tutoring,,,,,,,Demo Program,,Timespan,02/04/2026,02/04/2026,10:00AM,12:00PM,,No,Time,,4.00,,,,5,Yes,Casey Lee,casey.lee@example.org,,Verified,Casey Lee,,02/06/2026,,,0,,,,"Demo Program,Class of 2028",,,,,,"Education,Youth","Education,Youth",2004-03-15,unspecified,,Demo City,TN,37000,,,,Casey Lee,
9900229,02/13/2026,9100012,Grace ( Grace ),Taylor,grace.taylor@example.edu,,B9001012,,1,Psychology,,,,,,0000-00-00,,Sophomore,,0000-00-00,,2028-05-14,1,Student,,,Morgan Blake,139.160,436923,Demo Neighborhood Garden,,Garden Workday,,,,,,,Demo Program,,Timespan,02/13/2026,02/13/2026,10:00AM,12:00PM,Completed the shift and learned more about how the partner organizes recurring volunteer roles.,No,Time,,4.00,,,,,Yes,Morgan Blake,morgan.blake@example.org,,Verified,Morgan Blake,,02/15/2026,,,0,,,,"Demo Program,Class of 2028",,,,,,"Environment,Community","Environment,Community",2004-03-15,unspecified,,Demo City,TN,37000,,,,Morgan Blake,
9900230,02/22/2026,9100012,Grace ( Grace ),Taylor,grace.taylor@example.edu,,B9001012,,1,Psychology,,,,,,0000-00-00,,Sophomore,,0000-00-00,,2028-05-14,1,Student,,,Alex Harper,86.975,481971,Demo Senior Center,,Resident Activities,,,,,,,Demo Program,,Timespan,02/22/2026,02/22/2026,10:00AM,12:00PM,"Helped set up the service area, supported participants, and documented next steps for the team.",No,Time,,2.50,,,,5,Yes,Alex Harper,alex.harper@example.org,,Verified,Alex Harper,,02/24/2026,,,0,,,,"Demo Program,Class of 2028",,,,,,"Aging,Community","Aging,Community",2004-03-15,unspecified,,Demo City,TN,37000,,,,Alex Harper,
9900231,03/03/2026,9100012,Grace ( Grace ),Taylor,grace.taylor@example.edu,,B9001012,,1,Psychology,,,,,,0000-00-00,,Sophomore,,0000-00-00,,2028-05-14,1,Student,,,Riley Adams,139.160,208946,Demo Community Kitchen,,Meal Prep Shift,,,,,,,Demo Program,,Timespan,03/03/2026,03/03/2026,10:00AM,12:00PM,Worked with community members on the planned activity and checked in with the site coordinator afterward.,No,Time,,4.00,,,,,Yes,Riley Adams,riley.adams@example.org,,Verified,Riley Adams,,03/05/2026,,,0,,,,"Demo Program,Class of 2028",,,,,,"Food Access,Civic Engagement","Food Access,Civic Engagement",2004-03-15,unspecified,,Demo City,TN,37000,,,,Riley Adams,
9900232,03/12/2026,9100012,Grace ( Grace ),Taylor,grace.taylor@example.edu,,B9001012,,1,Psychology,,,,,,0000-00-00,,Sophomore,,0000-00-00,,2028-05-14,1,Student,,,Casey Lee,139.160,208961,Demo Tutoring Center,,After-School Tutoring,,,,,,,Demo Program,,Timespan,03/12/2026,03/12/2026,10:00AM,12:00PM,,No,Time,,4.00,,,,5,Yes,Casey Lee,casey.lee@example.org,,Pending,,,,,,0,,,,"Demo Program,Class of 2028",,,,,,"Education,Youth","Education,Youth",2004-03-15,unspecified,,Demo City,TN,37000,,,,,
9900233,03/21/2026,9100012,Grace ( Grace ),Taylor,grace.taylor@example.edu,,B9001012,,1,Psychology,,,,,,0000-00-00,,Sophomore,,0000-00-00,,2028-05-14,1,Student,,,Morgan Blake,86.975,436923,Demo Neighborhood Garden,,Garden Workday,,,,,,,Demo Program,,Timespan,03/21/2026,03/21/2026,10:00AM,12:00PM,Completed the shift and learned more about how the partner organizes recurring volunteer roles.,No,Time,,2.50,,,,,Yes,Morgan Blake,morgan.blake@example.org,,Verified,Morgan Blake,,03/23/2026,,,0,,,,"Demo Program,Class of 2028",,,,,,"Environment,Community","Environment,Community",2004-03-15,unspecified,,Demo City,TN,37000,,,,Morgan Blake,
9900234,03/30/2026,9100012,Grace ( Grace ),Taylor,grace.taylor@example.edu,,B9001012,,1,Psychology,,,,,,0000-00-00,,Sophomore,,0000-00-00,,2028-05-14,1,Student,,,Alex Harper,139.160,481971,Demo Senior Center,,Resident Activities,,,,,,,Demo Program,,Timespan,03/30/2026,03/30/2026,10:00AM,12:00PM,"Helped set up the service area, supported participants, and documented next steps for the team.",No,Time,,4.00,,,,5,Yes,Alex Harper,alex.harper@example.org,,Verified,Alex Harper,,04/01/2026,,,0,,,,"Demo Program,Class of 2028",,,,,,"Aging,Community","Aging,Community",2004-03-15,unspecified,,Demo City,TN,37000,,,,Alex Harper,
9900235,04/08/2026,9100012,Grace ( Grace ),Taylor,grace.taylor@example.edu,,B9001012,,1,Psychology,,,,,,0000-00-00,,Sophomore,,0000-00-00,,2028-05-14,1,Student,,,Riley Adams,139.160,208946,Demo Community Kitchen,,Meal Prep Shift,,,,,,,Demo Program,,Timespan,04/08/2026,04/08/2026,10:00AM,12:00PM,Worked with community members on the planned activity and checked in with the site coordinator afterward.,No,Time,,4.00,,,,,Yes,Riley Adams,riley.adams@example.org,,Verified,Riley Adams,,04/10/2026,,,0,,,,"Demo Program,Class of 2028",,,,,,"Food Access,Civic Engagement","Food Access,Civic Engagement",2004-03-15,unspecified,,Demo City,TN,37000,,,,Riley Adams,
9900236,04/17/2026,9100012,Grace ( Grace ),Taylor,grace.taylor@example.edu,,B9001012,,1,Psychology,,,,,,0000-00-00,,Sophomore,,0000-00-00,,2028-05-14,1,Student,,,Casey Lee,86.975,208961,Demo Tutoring Center,,After-School Tutoring,,,,,,,Demo Program,,Timespan,04/17/2026,04/17/2026,10:00AM,12:00PM,,No,Time,,2.50,,,,5,Yes,Casey Lee,casey.lee@example.org,,Verified,Casey Lee,,04/19/2026,,,0,,,,"Demo Program,Class of 2028",,,,,,"Education,Youth","Education,Youth",2004-03-15,unspecified,,Demo City,TN,37000,,,,Casey Lee,
9900237,01/18/2026,9100012,Grace ( Grace ),Taylor,grace.taylor@example.edu,,B9001012,,1,Psychology,,,,,,0000-00-00,,Sophomore,,0000-00-00,,2028-05-14,1,Student,,,Morgan Blake,139.160,436923,Demo Neighborhood Garden,,Garden Workday,,,,,,,Demo Program,,Timespan,01/18/2026,01/18/2026,10:00AM,12:00PM,Completed the shift and learned more about how the partner organizes recurring volunteer roles.,No,Time,,4.00,,,,,Yes,Morgan Blake,morgan.blake@example.org,,Pending,,,,,,0,,,,"Demo Program,Class of 2028",,,,,,"Environment,Community","Environment,Community",2004-03-15,unspecified,,Demo City,TN,37000,,,,,
9900238,01/27/2026,9100012,Grace ( Grace ),Taylor,grace.taylor@example.edu,,B9001012,,1,Psychology,,,,,,0000-00-00,,Sophomore,,0000-00-00,,2028-05-14,1,Student,,,Alex Harper,139.160,481971,Demo Senior Center,,Resident Activities,,,,,,,Demo Program,,Timespan,01/27/2026,01/27/2026,10:00AM,12:00PM,"Helped set up the service area, supported participants, and documented next steps for the team.",No,Time,,4.00,,,,5,Yes,Alex Harper,alex.harper@example.org,,Verified,Alex Harper,,01/29/2026,,,0,,,,"Demo Program,Class of 2028",,,,,,"Aging,Community","Aging,Community",2004-03-15,unspecified,,Demo City,TN,37000,,,,Alex Harper,
9900239,02/05/2026,9100012,Grace ( Grace ),Taylor,grace.taylor@example.edu,,B9001012,,1,Psychology,,,,,,0000-00-00,,Sophomore,,0000-00-00,,2028-05-14,1,Student,,,Riley Adams,86.975,208946,Demo Community Kitchen,,Meal Prep Shift,,,,,,,Demo Program,,Timespan,02/05/2026,02/05/2026,10:00AM,12:00PM,Worked with community members on the planned activity and checked in with the site coordinator afterward.,No,Time,,2.50,,,,,Yes,Riley Adams,riley.adams@example.org,,Verified,Riley Adams,,02/07/2026,,,0,,,,"Demo Program,Class of 2028",,,,,,"Food Access,Civic Engagement","Food Access,Civic Engagement",2004-03-15,unspecified,,Demo City,TN,37000,,,,Riley Adams,
9900240,02/14/2026,9100012,Grace ( Grace ),Taylor,grace.taylor@example.edu,,B9001012,,1,Psychology,,,,,,0000-00-00,,Sophomore,,0000-00-00,,2028-05-14,1,Student,,,Casey Lee,139.160,208961,Demo Tutoring Center,,After-School Tutoring,,,,,,,Demo Program,,Timespan,02/14/2026,02/14/2026,10:00AM,12:00PM,,No,Time,,4.00,,,,5,Yes,Casey Lee,casey.lee@example.org,,Verified,Casey Lee,,02/16/2026,,,0,,,,"Demo Program,Class of 2028",,,,,,"Education,Youth","Education,Youth",2004-03-15,unspecified,,Demo City,TN,37000,,,,Casey Lee,
9900241,02/23/2026,9100012,Grace ( Grace ),Taylor,grace.taylor@example.edu,,B9001012,,1,Psychology,,,,,,0000-00-00,,Sophomore,,0000-00-00,,2028-05-14,1,Student,,,Morgan Blake,139.160,436923,Demo Neighborhood Garden,,Garden Workday,,,,,,,Demo Program,,Timespan,02/23/2026,02/23/2026,10:00AM,12:00PM,Completed the shift and learned more about how the partner organizes recurring volunteer roles.,No,Time,,4.00,,,,,Yes,Morgan Blake,morgan.blake@example.org,,Verified,Morgan Blake,,02/25/2026,,,0,,,,"Demo Program,Class of 2028",,,,,,"Environment,Community","Environment,Community",2004-03-15,unspecified,,Demo City,TN,37000,,,,Morgan Blake,
9900242,03/04/2026,9100012,Grace ( Grace ),Taylor,grace.taylor@example.edu,,B9001012,,1,Psychology,,,,,,0000-00-00,,Sophomore,,0000-00-00,,2028-05-14,1,Student,,,Alex Harper,86.975,481971,Demo Senior Center,,Resident Activities,,,,,,,Demo Program,,Timespan,03/04/2026,03/04/2026,10:00AM,12:00PM,"Helped set up the service area, supported participants, and documented next steps for the team.",No,Time,,2.50,,,,5,Yes,Alex Harper,alex.harper@example.org,,Pending,,,,,,0,,,,"Demo Program,Class of 2028",,,,,,"Aging,Community","Aging,Community",2004-03-15,unspecified,,Demo City,TN,37000,,,,,
9900243,03/13/2026,9100012,Grace ( Grace ),Taylor,grace.taylor@example.edu,,B9001012,,1,Psychology,,,,,,0000-00-00,,Sophomore,,0000-00-00,,2028-05-14,1,Student,,,Riley Adams,139.160,208946,Demo Community Kitchen,,Meal Prep Shift,,,,,,,Demo Program,,Timespan,03/13/2026,03/13/2026,10:00AM,12:00PM,Worked with community members on the planned activity and checked in with the site coordinator afterward.,No,Time,,4.00,,,,,Yes,Riley Adams,riley.adams@example.org,,Verified,Riley Adams,,03/15/2026,,,0,,,,"Demo Program,Class of 2028",,,,,,"Food Access,Civic Engagement","Food Access,Civic Engagement",2004-03-15,unspecified,,Demo City,TN,37000,,,,Riley Adams,
9900244,03/22/2026,9100012,Grace ( Grace ),Taylor,grace.taylor@example.edu,,B9001012,,1,Psychology,,,,,,0000-00-00,,Sophomore,,0000-00-00,,2028-05-14,1,Student,,,Casey Lee,139.160,208961,Demo Tutoring Center,,After-School Tutoring,,,,,,,Demo Program,,Timespan,03/22/2026,03/22/2026,10:00AM,12:00PM,,No,Time,,4.00,,,,5,Yes,Casey Lee,casey.lee@example.org,,Verified,Casey Lee,,03/24/2026,,,0,,,,"Demo Program,Class of 2028",,,,,,"Education,Youth","Education,Youth",2004-03-15,unspecified,,Demo City,TN,37000,,,,Casey Lee,
9900245,03/31/2026,9100012,Grace ( Grace ),Taylor,grace.taylor@example.edu,,B9001012,,1,Psychology,,,,,,0000-00-00,,Sophomore,,0000-00-00,,2028-05-14,1,Student,,,Morgan Blake,86.975,436923,Demo Neighborhood Garden,,Garden Workday,,,,,,,Demo Program,,Timespan,03/31/2026,03/31/2026,10:00AM,12:00PM,Completed the shift and learned more about how the partner organizes recurring volunteer roles.,No,Time,,2.50,,,,,Yes,Morgan Blake,morgan.blake@example.org,,Verified,Morgan Blake,,04/02/2026,,,0,,,,"Demo Program,Class of 2028",,,,,,"Environment,Community","Environment,Community",2004-03-15,unspecified,,Demo City,TN,37000,,,,Morgan Blake,
9900246,04/09/2026,9100012,Grace ( Grace ),Taylor,grace.taylor@example.edu,,B9001012,,1,Psychology,,,,,,0000-00-00,,Sophomore,,0000-00-00,,2028-05-14,1,Student,,,Alex Harper,139.160,481971,Demo Senior Center,,Resident Activities,,,,,,,Demo Program,,Timespan,04/09/2026,04/09/2026,10:00AM,12:00PM,"Helped set up the service area, supported participants, and documented next steps for the team.",No,Time,,4.00,,,,5,Yes,Alex Harper,alex.harper@example.org,,Verified,Alex Harper,,04/11/2026,,,0,,,,"Demo Program,Class of 2028",,,,,,"Aging,Community","Aging,Community",2004-03-15,unspecified,,Demo City,TN,37000,,,,Alex Harper,
9900247,01/10/2026,9100012,Grace ( Grace ),Taylor,grace.taylor@example.edu,,B9001012,,1,Psychology,,,,,,0000-00-00,,Sophomore,,0000-00-00,,2028-05-14,1,Student,,,Riley Adams,104.370,208946,Demo Community Kitchen,,Meal Prep Shift,,,,,,,Demo Program,,Timespan,01/10/2026,01/10/2026,10:00AM,12:00PM,Worked with community members on the planned activity and checked in with the site coordinator afterward.,No,Time,,3.00,,,,,Yes,Riley Adams,riley.adams@example.org,,Pending,,,,,,0,,,,"Demo Program,Class of 2028",,,,,,"Food Access,Civic Engagement","Food Access,Civic Engagement",2004-03-15,unspecified,,Demo City,TN,37000,,,,,
